robustness,primary_candidate,same_direction_all_cells,meaningful_magnitude_cells,estimate,estimate_units,dataset,validation_source,family,category,n,unique_players,mean_residual,median_residual,mae,rmse,ci_low,ci_high,cluster_standard_error,raw_p,test,adjusted_p,slope_log_residual_per_year,standard_error,scope
MIXED,True,False,3,0.0025814581627206044,log fee mean residual,MIN270,grouped,destination_league,ES1,181,162,0.0025814581627206044,-0.002700490295016067,0.6786444756101775,0.8778080879499303,-0.12926861767846684,0.1433947555943709,0.06847449399805093,0.969973932821128,"Intercept-only mean=0, player-cluster robust t; conditional on trained OOF models",0.9860537183805286,,,
MIXED,True,False,3,-0.38957342215247115,log fee mean residual,MIN270,temporal,destination_league,ES1,109,104,-0.38957342215247115,-0.314372564787341,0.7420292741620367,0.9337435134330391,-0.5521752260289007,-0.22298090697678344,0.08162918287012258,6.028484168713279e-06,"Intercept-only mean=0, player-cluster robust t; conditional on trained OOF models",6.0284841687132786e-05,,,
MIXED,True,False,3,0.007113773318041203,log fee mean residual,MIN450,grouped,destination_league,ES1,178,159,0.007113773318041203,-0.0078084143217385105,0.6604881461758498,0.8568353557938474,-0.12595252375027202,0.1336851678759084,0.0673491969508563,0.9160136982349837,"Intercept-only mean=0, player-cluster robust t; conditional on trained OOF models",0.9914233461698014,,,
MIXED,True,False,3,-0.38257656795704115,log fee mean residual,MIN450,temporal,destination_league,ES1,108,103,-0.38257656795704115,-0.2904262419517183,0.7341844153850514,0.9276665002953368,-0.5360764283879993,-0.21741768032126965,0.08177769448881785,8.90820168198346e-06,"Intercept-only mean=0, player-cluster robust t; conditional on trained OOF models",8.908201681983459e-05,,,
MIXED,True,False,3,0.006742553105958091,log fee mean residual,MIN900,grouped,destination_league,ES1,159,143,0.006742553105958091,0.016702932032309548,0.651722665553067,0.8452555812917752,-0.13783805330790144,0.13763725672600707,0.06978647118857195,0.9231668557421846,"Intercept-only mean=0, player-cluster robust t; conditional on trained OOF models",0.9711853107121561,,,
MIXED,True,False,3,-0.3841933130218386,log fee mean residual,MIN900,temporal,destination_league,ES1,99,94,-0.3841933130218386,-0.3231192319666967,0.7208066456618188,0.9195457689977943,-0.5548326982060211,-0.2182823414839803,0.08475055524271258,1.7268309070648867e-05,"Intercept-only mean=0, player-cluster robust t; conditional on trained OOF models",0.00017268309070648865,,,
INSUFFICIENT_EVIDENCE,False,False,0,-0.007117076583105231,log fee mean residual,MIN270,grouped,destination_league,FR1,156,145,-0.007117076583105231,0.03934280037277027,0.6894990308503421,0.8875306727816545,-0.14937751440775082,0.12145956256385008,0.07078361939345065,0.9200499706542903,"Intercept-only mean=0, player-cluster robust t; conditional on trained OOF models",0.9860537183805286,,,
INSUFFICIENT_EVIDENCE,False,False,0,0.022061037480398733,log fee mean residual,MIN270,temporal,destination_league,FR1,98,96,0.022061037480398733,0.15589200397292657,0.6737643584815548,0.8739017770174758,-0.15627800315123083,0.20413210778969898,0.08880688839252367,0.8043488927408845,"Intercept-only mean=0, player-cluster robust t; conditional on trained OOF models",0.9860537183805286,,,
INSUFFICIENT_EVIDENCE,False,False,0,-0.0007618116707559608,log fee mean residual,MIN450,grouped,destination_league,FR1,150,139,-0.0007618116707559608,0.01868760927987445,0.6741665222284358,0.868956476060694,-0.14369654864825032,0.14409648816593867,0.07074155275457114,0.9914233461698014,"Intercept-only mean=0, player-cluster robust t; conditional on trained OOF models",0.9914233461698014,,,
INSUFFICIENT_EVIDENCE,False,False,0,0.005147875790911256,log fee mean residual,MIN450,temporal,destination_league,FR1,94,92,0.005147875790911256,0.11637412803158131,0.6532286904219148,0.8529565901046192,-0.17998006418621637,0.18026643845096987,0.08855939519389285,0.953773269450561,"Intercept-only mean=0, player-cluster robust t; conditional on trained OOF models",0.9914233461698014,,,
INSUFFICIENT_EVIDENCE,False,False,0,0.005738894416178416,log fee mean residual,MIN900,grouped,destination_league,FR1,135,127,0.005738894416178416,0.06287413038197442,0.6572627720932316,0.8450398255650137,-0.13502393163958237,0.14217526172844092,0.07237974593765893,0.9369287993547754,"Intercept-only mean=0, player-cluster robust t; conditional on trained OOF models",0.9711853107121561,,,
INSUFFICIENT_EVIDENCE,False,False,0,-0.010161956446822485,log fee mean residual,MIN900,temporal,destination_league,FR1,84,83,-0.010161956446822485,0.1203180996964317,0.6117986570415086,0.8016203966912899,-0.1796179653799252,0.14473984242616675,0.0881531373900873,0.9085080443856556,"Intercept-only mean=0, player-cluster robust t; conditional on trained OOF models",0.9711853107121561,,,
INSUFFICIENT_EVIDENCE,False,False,3,0.002086676266290752,log fee mean residual,MIN270,grouped,destination_league,GB1,269,249,0.002086676266290752,-0.016231631877719366,0.5641525337746538,0.7116676468933719,-0.09010285188861164,0.09311853744010366,0.04417956401879708,0.9623665687773335,"Intercept-only mean=0, player-cluster robust t; conditional on trained OOF models",0.9860537183805286,,,
INSUFFICIENT_EVIDENCE,False,False,3,0.09942289147877019,log fee mean residual,MIN270,temporal,destination_league,GB1,199,188,0.09942289147877019,0.15847226298082617,0.5861965343977356,0.7231209231878295,0.0007386256333842688,0.19910995046191868,0.05213700138142889,0.058059456714918446,"Intercept-only mean=0, player-cluster robust t; conditional on trained OOF models",0.19353152238306148,,,
INSUFFICIENT_EVIDENCE,False,False,3,-0.008005320839440931,log fee mean residual,MIN450,grouped,destination_league,GB1,259,240,-0.008005320839440931,-0.0027835249774135207,0.5932766604523785,0.7423205186155881,-0.09958249738731234,0.08507667259475461,0.0468672841044012,0.8645190220196033,"Intercept-only mean=0, player-cluster robust t; conditional on trained OOF models",0.9914233461698014,,,
INSUFFICIENT_EVIDENCE,False,False,3,0.10687960983487514,log fee mean residual,MIN450,temporal,destination_league,GB1,191,180,0.10687960983487514,0.18859988366510194,0.5947620802888047,0.7284179431466352,0.004416060062639385,0.199533986892786,0.0535644881225192,0.04752218145070291,"Intercept-only mean=0, player-cluster robust t; conditional on trained OOF models",0.15840727150234304,,,
INSUFFICIENT_EVIDENCE,False,False,3,-0.006405614131223063,log fee mean residual,MIN900,grouped,destination_league,GB1,241,225,-0.006405614131223063,0.03306180943821957,0.5638004741605229,0.7060840793075001,-0.09696165785335234,0.08385420135877299,0.04561965461340688,0.888459493909816,"Intercept-only mean=0, player-cluster robust t; conditional on trained OOF models",0.9711853107121561,,,
INSUFFICIENT_EVIDENCE,False,False,3,0.0844622402681495,log fee mean residual,MIN900,temporal,destination_league,GB1,177,168,0.0844622402681495,0.12191335207123544,0.5808607191527103,0.716345644642995,-0.015212303552720182,0.19311378196490103,0.054124659387452055,0.12053171746338039,"Intercept-only mean=0, player-cluster robust t; conditional on trained OOF models",0.30132929365845096,,,
MIXED,True,False,3,-0.012793073287131227,log fee mean residual,MIN270,grouped,destination_league,IT1,287,250,-0.012793073287131227,-0.01689928646773886,0.710157171004223,0.9074692440442161,-0.11829612735990594,0.09801512621801586,0.055220487473868596,0.8169825966419075,"Intercept-only mean=0, player-cluster robust t; conditional on trained OOF models",0.9860537183805286,,,
MIXED,True,False,3,-0.19932590039230524,log fee mean residual,MIN270,temporal,destination_league,IT1,200,184,-0.19932590039230524,-0.2176225736114734,0.7264441762980235,0.9156421795582628,-0.3189777665674575,-0.0833048886777532,0.06464123618421251,0.0023621085642720786,"Intercept-only mean=0, player-cluster robust t; conditional on trained OOF models",0.011810542821360393,,,
MIXED,True,False,3,0.003452307455905823,log fee mean residual,MIN450,grouped,destination_league,IT1,281,246,0.003452307455905823,0.001477157370056048,0.7108699191834258,0.9038731391911002,-0.10794273509158293,0.11181728210448541,0.05562853398579119,0.9505656400907786,"Intercept-only mean=0, player-cluster robust t; conditional on trained OOF models",0.9914233461698014,,,
MIXED,True,False,3,-0.19544666189168924,log fee mean residual,MIN450,temporal,destination_league,IT1,195,180,-0.19544666189168924,-0.21639290672912637,0.7242647184673913,0.9150273425742661,-0.32803149465806364,-0.06771334959750186,0.06553567246823801,0.0032597552532170203,"Intercept-only mean=0, player-cluster robust t; conditional on trained OOF models",0.0162987762660851,,,
MIXED,True,False,3,-0.0020032072183403817,log fee mean residual,MIN900,grouped,destination_league,IT1,239,211,-0.0020032072183403817,0.03559848403986976,0.6590723307948961,0.827268590127203,-0.11514279901264787,0.11013979203746788,0.05539108485784787,0.9711853107121561,"Intercept-only mean=0, player-cluster robust t; conditional on trained OOF models",0.9711853107121561,,,
MIXED,True,False,3,-0.24536872223207462,log fee mean residual,MIN900,temporal,destination_league,IT1,164,153,-0.24536872223207462,-0.24034286780557057,0.7116088531267094,0.8995190687098149,-0.3893729517930642,-0.11129616093003349,0.0700032553423954,0.0006000159293369294,"Intercept-only mean=0, player-cluster robust t; conditional on trained OOF models",0.003000079646684647,,,
INSUFFICIENT_EVIDENCE,False,False,3,0.0013518552937185483,log fee mean residual,MIN270,grouped,destination_league,L1,166,151,0.0013518552937185483,-0.013189652550940067,0.697906528539924,0.9401205469417351,-0.15218078800127058,0.14267369702500182,0.07720860047960526,0.9860537183805286,"Intercept-only mean=0, player-cluster robust t; conditional on trained OOF models",0.9860537183805286,,,
INSUFFICIENT_EVIDENCE,False,False,3,-0.18765844208213903,log fee mean residual,MIN270,temporal,destination_league,L1,110,104,-0.18765844208213903,-0.01662234074350355,0.8057326511576496,1.08924006278561,-0.4046513844876191,0.011976873878614987,0.10606415652295342,0.07980491496562836,"Intercept-only mean=0, player-cluster robust t; conditional on trained OOF models",0.1995122874140709,,,
INSUFFICIENT_EVIDENCE,False,False,3,0.001817669401673798,log fee mean residual,MIN450,grouped,destination_league,L1,161,147,0.001817669401673798,-0.027329435597922114,0.6974594279635657,0.9384324793523848,-0.15033069320229828,0.14573366903936874,0.0779347242280968,0.9814244935055323,"Intercept-only mean=0, player-cluster robust t; conditional on trained OOF models",0.9914233461698014,,,
INSUFFICIENT_EVIDENCE,False,False,3,-0.17547717845220745,log fee mean residual,MIN450,temporal,destination_league,L1,106,101,-0.17547717845220745,-0.035415156301357165,0.7992552411723525,1.0851888896517499,-0.4046078170983578,0.02346519071067542,0.10800994201259531,0.10738736625880253,"Intercept-only mean=0, player-cluster robust t; conditional on trained OOF models",0.2684684156470063,,,
INSUFFICIENT_EVIDENCE,False,False,3,-0.007830746896500375,log fee mean residual,MIN900,grouped,destination_league,L1,134,123,-0.007830746896500375,0.023700269549001618,0.7199241761704235,0.9663187239108665,-0.1796324852804664,0.1741229708857431,0.0876818833016595,0.9289831003680621,"Intercept-only mean=0, player-cluster robust t; conditional on trained OOF models",0.9711853107121561,,,
INSUFFICIENT_EVIDENCE,False,False,3,-0.2203748695476783,log fee mean residual,MIN900,temporal,destination_league,L1,90,86,-0.2203748695476783,-0.019931190402987298,0.8121807671211211,1.1085217150979243,-0.4544260121867759,0.013781278601817337,0.11895488051892349,0.06741153176499155,"Intercept-only mean=0, player-cluster robust t; conditional on trained OOF models",0.2247051058833052,,,
INSUFFICIENT_EVIDENCE,False,False,0,-0.00806006716747576,log fee mean residual,MIN270,grouped,position_group,AM,72,55,-0.00806006716747576,0.027351946206442435,0.6418374158555831,0.8564011182243749,-0.22343331074057796,0.209780153658721,0.11106503089691404,0.9424158764185503,"Intercept-only mean=0, player-cluster robust t; conditional on trained OOF models",0.9940571910883866,,,
INSUFFICIENT_EVIDENCE,False,False,0,0.034572085503536416,log fee mean residual,MIN270,temporal,position_group,AM,50,42,0.034572085503536416,0.08730458521351814,0.7132742071602055,0.9059614883580868,-0.2344412117221542,0.29458365429418365,0.1326691644950672,0.7957140876278374,"Intercept-only mean=0, player-cluster robust t; conditional on trained OOF models",0.9940571910883866,,,
INSUFFICIENT_EVIDENCE,False,False,0,0.024251814328864526,log fee mean residual,MIN450,grouped,position_group,AM,71,54,0.024251814328864526,0.07822098528787436,0.6640627161332272,0.8725395651425011,-0.1975207196179453,0.23600400179789724,0.11224789511688665,0.8297736131659426,"Intercept-only mean=0, player-cluster robust t; conditional on trained OOF models",0.975982403906417,,,
INSUFFICIENT_EVIDENCE,False,False,0,0.019553878488840465,log fee mean residual,MIN450,temporal,position_group,AM,49,41,0.019553878488840465,0.10472185423746083,0.7107493442434015,0.9053029466919031,-0.25167289760283795,0.285306544702754,0.13389189398511095,0.884621524880038,"Intercept-only mean=0, player-cluster robust t; conditional on trained OOF models",0.975982403906417,,,
INSUFFICIENT_EVIDENCE,False,False,0,0.006656893749462645,log fee mean residual,MIN900,grouped,position_group,AM,63,51,0.006656893749462645,0.042887293959147144,0.6404545889615898,0.8710948826607758,-0.22864376267179515,0.2208067308475366,0.11839064547030541,0.9553841056271828,"Intercept-only mean=0, player-cluster robust t; conditional on trained OOF models",0.9956723335860941,,,
INSUFFICIENT_EVIDENCE,False,False,0,0.021580611669977996,log fee mean residual,MIN900,temporal,position_group,AM,43,37,0.021580611669977996,0.13138090325368523,0.7513977929568948,0.9488054334644703,-0.26655285913676874,0.302583350063335,0.15012337538804563,0.8864975941043445,"Intercept-only mean=0, player-cluster robust t; conditional on trained OOF models",0.9956723335860941,,,
INSUFFICIENT_EVIDENCE,False,False,3,0.003449812356489492,log fee mean residual,MIN270,grouped,position_group,CB,191,161,0.003449812356489492,0.0592249337651225,0.7011333976873113,0.8709051200388579,-0.13032757788580435,0.13371528483778203,0.06574959923685816,0.9582204874478811,"Intercept-only mean=0, player-cluster robust t; conditional on trained OOF models",0.9940571910883866,,,
INSUFFICIENT_EVIDENCE,False,False,3,-0.19461155286536316,log fee mean residual,MIN270,temporal,position_group,CB,133,123,-0.19461155286536316,-0.09620703493352778,0.7362307559931949,0.9298094440802752,-0.36154713970377184,-0.030523354905719613,0.0816930443318282,0.018753251252303028,"Intercept-only mean=0, player-cluster robust t; conditional on trained OOF models",0.07683496050883051,,,
INSUFFICIENT_EVIDENCE,False,False,3,-0.0020104349521583224,log fee mean residual,MIN450,grouped,position_group,CB,190,161,-0.0020104349521583224,0.03324459903597177,0.708717713615693,0.8771249497459482,-0.13769944595608485,0.12078777476576277,0.0666738833948561,0.975982403906417,"Intercept-only mean=0, player-cluster robust t; conditional on trained OOF models",0.975982403906417,,,
INSUFFICIENT_EVIDENCE,False,False,3,-0.1853090036166476,log fee mean residual,MIN450,temporal,position_group,CB,133,123,-0.1853090036166476,-0.08954602692859837,0.7354576944551645,0.9274185538522343,-0.3434604621387367,-0.02872312630055629,0.08166460031217153,0.025015982901708637,"Intercept-only mean=0, player-cluster robust t; conditional on trained OOF models",0.14908809762179834,,,
INSUFFICIENT_EVIDENCE,False,False,3,-0.010079762290176824,log fee mean residual,MIN900,grouped,position_group,CB,169,144,-0.010079762290176824,0.036361025068543995,0.6645042701409591,0.8312319989284194,-0.14241720726514287,0.11798341297816145,0.06774223121886835,0.8819243599115623,"Intercept-only mean=0, player-cluster robust t; conditional on trained OOF models",0.9956723335860941,,,
INSUFFICIENT_EVIDENCE,False,False,3,-0.18672437801844483,log fee mean residual,MIN900,temporal,position_group,CB,120,112,-0.18672437801844483,-0.059906221428896345,0.6967689766974687,0.8908993861183323,-0.3430392902633251,-0.028937058347838905,0.08195956666929442,0.024625753717299245,"Intercept-only mean=0, player-cluster robust t; conditional on trained OOF models",0.09850301486919698,,,
INSUFFICIENT_EVIDENCE,False,False,3,-0.009908389659802619,log fee mean residual,MIN270,grouped,position_group,CM/DM,268,223,-0.009908389659802619,-0.059831327370538645,0.6393799471547473,0.822799600189875,-0.11018374982199665,0.08477077892492124,0.05206330402739818,0.8492367861023344,"Intercept-only mean=0, player-cluster robust t; conditional on trained OOF models",0.9940571910883866,,,
INSUFFICIENT_EVIDENCE,False,False,3,-0.0997227823265515,log fee mean residual,MIN270,temporal,position_group,CM/DM,186,167,-0.0997227823265515,-0.11946158885682312,0.654898398982462,0.8387744126326477,-0.22153516117372996,0.015248994929929732,0.06267897265990148,0.11351022735776559,"Intercept-only mean=0, player-cluster robust t; conditional on trained OOF models",0.3405306820732968,,,
INSUFFICIENT_EVIDENCE,False,False,3,-0.007957270535521947,log fee mean residual,MIN450,grouped,position_group,CM/DM,261,218,-0.007957270535521947,-0.03413492027338805,0.6335843048721681,0.8127380981833037,-0.10620975537979516,0.08606595353283823,0.051972777220406094,0.8784580734338168,"Intercept-only mean=0, player-cluster robust t; conditional on trained OOF models",0.975982403906417,,,
INSUFFICIENT_EVIDENCE,False,False,3,-0.11624237578752954,log fee mean residual,MIN450,temporal,position_group,CM/DM,180,163,-0.11624237578752954,-0.1389985879931288,0.651287901058297,0.8312816996921106,-0.23235450323274306,0.0077615603269806065,0.06301316636794403,0.06690263522448035,"Intercept-only mean=0, player-cluster robust t; conditional on trained OOF models",0.20070790567344107,,,
INSUFFICIENT_EVIDENCE,False,False,3,0.0002842910428245915,log fee mean residual,MIN900,grouped,position_group,CM/DM,230,196,0.0002842910428245915,0.03316846278656982,0.6075429003183548,0.7779858890654426,-0.10905798133974294,0.10291789821915133,0.0523468472201758,0.9956723335860941,"Intercept-only mean=0, player-cluster robust t; conditional on trained OOF models",0.9956723335860941,,,
INSUFFICIENT_EVIDENCE,False,False,3,-0.10236908602076293,log fee mean residual,MIN900,temporal,position_group,CM/DM,156,144,-0.10236908602076293,-0.08304273285103658,0.6351636621516782,0.8098360319125776,-0.2289186171168594,0.024991414960186174,0.06645464918305542,0.12566422972639232,"Intercept-only mean=0, player-cluster robust t; conditional on trained OOF models",0.376992689179177,,,
INSUFFICIENT_EVIDENCE,False,False,1,-0.0019305040513638535,log fee mean residual,MIN270,grouped,position_group,FW,310,246,-0.0019305040513638535,-0.008881973105639318,0.631433206239394,0.8354237615102886,-0.10219939152729726,0.09398586220324705,0.0499718598898387,0.9692153901345104,"Intercept-only mean=0, player-cluster robust t; conditional on trained OOF models",0.9940571910883866,,,
INSUFFICIENT_EVIDENCE,False,False,1,0.012004149719203409,log fee mean residual,MIN270,temporal,position_group,FW,208,182,0.012004149719203409,0.0436270745247862,0.6551900032605568,0.8610592724347438,-0.11978239624163126,0.12680893262301207,0.06141127485749058,0.8452431631839793,"Intercept-only mean=0, player-cluster robust t; conditional on trained OOF models",0.9940571910883866,,,
INSUFFICIENT_EVIDENCE,False,False,1,-0.004551984204315787,log fee mean residual,MIN450,grouped,position_group,FW,300,239,-0.004551984204315787,-0.003319535666976847,0.6276299017821948,0.8331098512911441,-0.11118030786933016,0.09140813149308068,0.05035094776218169,0.9280413138355426,"Intercept-only mean=0, player-cluster robust t; conditional on trained OOF models",0.975982403906417,,,
INSUFFICIENT_EVIDENCE,False,False,1,0.013824943122278352,log fee mean residual,MIN450,temporal,position_group,FW,201,177,0.013824943122278352,0.03835699351799349,0.6536403483297036,0.8622259106641156,-0.10231452075915404,0.13686417717332386,0.06250305227729056,0.8252022342255487,"Intercept-only mean=0, player-cluster robust t; conditional on trained OOF models",0.975982403906417,,,
INSUFFICIENT_EVIDENCE,False,False,1,-0.0020932310700518767,log fee mean residual,MIN900,grouped,position_group,FW,257,209,-0.0020932310700518767,0.03306180943821957,0.6173964079729315,0.8062173455450058,-0.1097670770180654,0.09721959162472786,0.051082833704110334,0.967353385065258,"Intercept-only mean=0, player-cluster robust t; conditional on trained OOF models",0.9956723335860941,,,
INSUFFICIENT_EVIDENCE,False,False,1,-0.067931016606527,log fee mean residual,MIN900,temporal,position_group,FW,176,156,-0.067931016606527,-0.04181434389154237,0.655123494880611,0.8733276889047473,-0.19998016025498108,0.060908576744701556,0.06723702480685498,0.31391581572566846,"Intercept-only mean=0, player-cluster robust t; conditional on trained OOF models",0.7533979577416042,,,
INSUFFICIENT_EVIDENCE,False,False,3,-0.006288669258785032,log fee mean residual,MIN270,grouped,position_group,GK,71,61,-0.006288669258785032,0.018401501786200924,0.746463714218682,0.9430057342238728,-0.23350441588298876,0.2263394645474837,0.11838206326662981,0.9578113319068683,"Intercept-only mean=0, player-cluster robust t; conditional on trained OOF models",0.9940571910883866,,,
INSUFFICIENT_EVIDENCE,False,False,3,-0.3987575449644863,log fee mean residual,MIN270,temporal,position_group,GK,44,40,-0.3987575449644863,-0.14685322854723992,0.7276208556302233,0.9330229549093001,-0.6666564785553436,-0.13520779859124485,0.13811688071945916,0.006310311911981831,"Intercept-only mean=0, player-cluster robust t; conditional on trained OOF models",0.07572374294378198,,,
INSUFFICIENT_EVIDENCE,False,False,3,0.023352629671331913,log fee mean residual,MIN450,grouped,position_group,GK,69,60,0.023352629671331913,0.06469339129783336,0.7619718891038807,0.9288545145970544,-0.20660631882547523,0.26313885572864787,0.1174306946178666,0.8430535606765409,"Intercept-only mean=0, player-cluster robust t; conditional on trained OOF models",0.975982403906417,,,
INSUFFICIENT_EVIDENCE,False,False,3,-0.3561633486664106,log fee mean residual,MIN450,temporal,position_group,GK,43,39,-0.3561633486664106,-0.16111797272177775,0.7333995416614102,0.92759413433696,-0.6126759269633639,-0.09723185291414586,0.14170075608481003,0.016312597940981114,"Intercept-only mean=0, player-cluster robust t; conditional on trained OOF models",0.14908809762179834,,,
INSUFFICIENT_EVIDENCE,False,False,3,-0.0022033016810562023,log fee mean residual,MIN900,grouped,position_group,GK,64,55,-0.0022033016810562023,0.13010424400374276,0.7562323619773628,0.942042440938468,-0.24838907048873604,0.23738794690551435,0.12553608765122196,0.9860616225620046,"Intercept-only mean=0, player-cluster robust t; conditional on trained OOF models",0.9956723335860941,,,
INSUFFICIENT_EVIDENCE,False,False,3,-0.3639035321375103,log fee mean residual,MIN900,temporal,position_group,GK,39,35,-0.3639035321375103,-0.10343294173536677,0.7207097225292873,0.9406888473725168,-0.667858109256008,-0.09308581746796216,0.15137582794861515,0.021815116432871002,"Intercept-only mean=0, player-cluster robust t; conditional on trained OOF models",0.09850301486919698,,,
INSUFFICIENT_EVIDENCE,False,False,3,0.0006319912895458362,log fee mean residual,MIN270,grouped,position_group,SB,147,117,0.0006319912895458362,-0.015974780496893715,0.6911245300559694,0.9148980779076704,-0.15220917364186207,0.17126550313613295,0.08466801004386175,0.9940571910883866,"Intercept-only mean=0, player-cluster robust t; conditional on trained OOF models",0.9940571910883866,,,
INSUFFICIENT_EVIDENCE,False,False,3,-0.24497195830803384,log fee mean residual,MIN270,temporal,position_group,SB,95,83,-0.24497195830803384,-0.24219315005425202,0.7767820400545378,0.9879444259181509,-0.4393382681109251,-0.052221595029203656,0.10255806381949699,0.01920874012720763,"Intercept-only mean=0, player-cluster robust t; conditional on trained OOF models",0.07683496050883051,,,
INSUFFICIENT_EVIDENCE,False,False,3,0.00603304506280086,log fee mean residual,MIN450,grouped,position_group,SB,138,111,0.00603304506280086,-0.07154954294190041,0.6982651138877283,0.923280882175819,-0.1584051513273273,0.18885557242626322,0.08839312004729276,0.9457086041623576,"Intercept-only mean=0, player-cluster robust t; conditional on trained OOF models",0.975982403906417,,,
INSUFFICIENT_EVIDENCE,False,False,3,-0.22710509113037566,log fee mean residual,MIN450,temporal,position_group,SB,88,76,-0.22710509113037566,-0.2029747072748247,0.766537989035793,0.9851363578270117,-0.4359170158472864,-0.015401221631812668,0.10710071139763552,0.037272024405449584,"Intercept-only mean=0, player-cluster robust t; conditional on trained OOF models",0.14908809762179834,,,
INSUFFICIENT_EVIDENCE,False,False,3,0.005381258789258183,log fee mean residual,MIN900,grouped,position_group,SB,125,103,0.005381258789258183,0.016702932032309548,0.6621115451824672,0.8542388412543933,-0.15621284490036197,0.15711844848661893,0.08017997059584227,0.9466217310121188,"Intercept-only mean=0, player-cluster robust t; conditional on trained OOF models",0.9956723335860941,,,
INSUFFICIENT_EVIDENCE,False,False,3,-0.2552062669103617,log fee mean residual,MIN900,temporal,position_group,SB,80,69,-0.2552062669103617,-0.2159143942574966,0.7118260685197938,0.9137685770437664,-0.44455121507482914,-0.06602057588925556,0.10119823281987765,0.014021499013194815,"Intercept-only mean=0, player-cluster robust t; conditional on trained OOF models",0.09850301486919698,,,
INSUFFICIENT_EVIDENCE,False,False,0,0.0033995093139813745,log fee mean residual,MIN270,grouped,transfer_season,2018-19,145,145,0.0033995093139813745,-0.0021486569496680374,0.6171709083039161,0.790956623789746,-0.12475887492665791,0.13177065241288224,0.06591244318819314,0.9589379087553174,"Intercept-only mean=0, player-cluster robust t; conditional on trained OOF models",0.9880716886814112,,,
INSUFFICIENT_EVIDENCE,False,False,0,-0.007796922362867425,log fee mean residual,MIN450,grouped,transfer_season,2018-19,142,142,-0.007796922362867425,-0.006553047406342216,0.6283802786529507,0.8058262425689696,-0.13407185471672156,0.12698129337023842,0.0678596351267482,0.9086895931630847,"Intercept-only mean=0, player-cluster robust t; conditional on trained OOF models",0.9972819549859412,,,
INSUFFICIENT_EVIDENCE,False,False,0,0.003001936852698407,log fee mean residual,MIN900,grouped,transfer_season,2018-19,125,125,0.003001936852698407,0.012428775510233692,0.6213039115447596,0.796262720278407,-0.13087419453579685,0.14749637168051322,0.07150599501600013,0.966580881401659,"Intercept-only mean=0, player-cluster robust t; conditional on trained OOF models",0.9963336506547816,,,
INSUFFICIENT_EVIDENCE,False,False,0,-0.007632455351713824,log fee mean residual,MIN270,grouped,transfer_season,2019-20,198,198,-0.007632455351713824,-0.05889934339307068,0.6841397863426167,0.8956788443055936,-0.1377406468931271,0.1190974096818387,0.06381215842018811,0.9049154361291716,"Intercept-only mean=0, player-cluster robust t; conditional on trained OOF models",0.9880716886814112,,,
INSUFFICIENT_EVIDENCE,False,False,0,0.00021654947671380427,log fee mean residual,MIN450,grouped,transfer_season,2019-20,193,193,0.00021654947671380427,-0.03414993236502184,0.6785165107502633,0.8796802692845144,-0.12115851651849223,0.1212404548154513,0.06348545311045345,0.9972819549859412,"Intercept-only mean=0, player-cluster robust t; conditional on trained OOF models",0.9972819549859412,,,
INSUFFICIENT_EVIDENCE,False,False,0,0.011594434204032583,log fee mean residual,MIN900,grouped,transfer_season,2019-20,169,169,0.011594434204032583,0.04233339974864414,0.6424774040760473,0.8258071749917563,-0.11356772369334033,0.1333227870085964,0.0637061267967888,0.8558031367026099,"Intercept-only mean=0, player-cluster robust t; conditional on trained OOF models",0.9963336506547816,,,
INSUFFICIENT_EVIDENCE,False,False,3,0.0010689020759720367,log fee mean residual,MIN270,grouped,transfer_season,2020-21,112,112,0.0010689020759720367,0.019566924897612026,0.5606225898977454,0.7515647801036639,-0.14346295874568335,0.14516835060135186,0.07133529988915628,0.9880716886814112,"Intercept-only mean=0, player-cluster robust t; conditional on trained OOF models",0.9880716886814112,,,
INSUFFICIENT_EVIDENCE,False,False,3,-0.09846623782268905,log fee mean residual,MIN270,temporal,transfer_season,2020-21,112,112,-0.09846623782268905,-0.06994337822948538,0.599595019947,0.7825122338619236,-0.24458894484077723,0.04083636912972636,0.07368240809471584,0.18416455526233194,"Intercept-only mean=0, player-cluster robust t; conditional on trained OOF models",0.4604113881558298,,,
INSUFFICIENT_EVIDENCE,False,False,3,0.0030309048044895254,log fee mean residual,MIN450,grouped,transfer_season,2020-21,110,110,0.0030309048044895254,0.06927986093943339,0.5776064051234631,0.7795832452429896,-0.1479242964954394,0.15637511572012278,0.07466996804161836,0.967696470202688,"Intercept-only mean=0, player-cluster robust t; conditional on trained OOF models",0.9972819549859412,,,
INSUFFICIENT_EVIDENCE,False,False,3,-0.06892877487678603,log fee mean residual,MIN450,temporal,transfer_season,2020-21,110,110,-0.06892877487678603,-0.055624792757152264,0.5873199083498521,0.7680238394444016,-0.20938873810504155,0.070518596548096,0.07326647617868169,0.34888995785776394,"Intercept-only mean=0, player-cluster robust t; conditional on trained OOF models",0.8722248946444098,,,
INSUFFICIENT_EVIDENCE,False,False,3,-0.019154854038490488,log fee mean residual,MIN900,grouped,transfer_season,2020-21,96,96,-0.019154854038490488,0.06931604579178163,0.5827115879710495,0.7758208861108283,-0.1798393965677837,0.126562689501556,0.07957327896464232,0.8102911210468896,"Intercept-only mean=0, player-cluster robust t; conditional on trained OOF models",0.9963336506547816,,,
INSUFFICIENT_EVIDENCE,False,False,3,-0.13982409815574265,log fee mean residual,MIN900,temporal,transfer_season,2020-21,96,96,-0.13982409815574265,-0.06630461214666461,0.6133396362829785,0.8223314731449158,-0.30167736083101565,0.01213515574192969,0.083140861655615,0.09589735516350087,"Intercept-only mean=0, player-cluster robust t; conditional on trained OOF models",0.3196578505450029,,,
MIXED,True,False,3,0.0058491921191718066,log fee mean residual,MIN270,grouped,transfer_season,2021-22,149,149,0.0058491921191718066,0.018401501786200924,0.7084684547711179,0.8776891452221488,-0.14197417753025315,0.1435695499639431,0.07214400120181648,0.9354905520493138,"Intercept-only mean=0, player-cluster robust t; conditional on trained OOF models",0.9880716886814112,,,
MIXED,True,False,3,-0.26726775310912476,log fee mean residual,MIN270,temporal,transfer_season,2021-22,149,149,-0.26726775310912476,-0.17287686734638896,0.723818468155781,0.9189534768693519,-0.4057717637771944,-0.13676686123858048,0.07227216955287981,0.0003054752224024943,"Intercept-only mean=0, player-cluster robust t; conditional on trained OOF models",0.0015273761120124713,,,
MIXED,True,False,3,0.002012150165847291,log fee mean residual,MIN450,grouped,transfer_season,2021-22,146,146,0.002012150165847291,0.037591172022031216,0.6953057481835856,0.8619955394327371,-0.12501033771122627,0.13418549674717112,0.07158463817355604,0.9776141155356862,"Intercept-only mean=0, player-cluster robust t; conditional on trained OOF models",0.9972819549859412,,,
MIXED,True,False,3,-0.2468337841202688,log fee mean residual,MIN450,temporal,transfer_season,2021-22,146,146,-0.2468337841202688,-0.1624431318830064,0.7138540634704146,0.9096051954803456,-0.3948835838050023,-0.10270898155135132,0.07270415700592918,0.0008853528618327687,"Intercept-only mean=0, player-cluster robust t; conditional on trained OOF models",0.0044267643091638435,,,
MIXED,True,False,3,0.0003311749274111317,log fee mean residual,MIN900,grouped,transfer_season,2021-22,134,134,0.0003311749274111317,0.03803374119234171,0.673450492835484,0.8296055358819574,-0.13569329289078316,0.14347556610966392,0.07193591736181164,0.9963336506547816,"Intercept-only mean=0, player-cluster robust t; conditional on trained OOF models",0.9963336506547816,,,
MIXED,True,False,3,-0.28789032612037735,log fee mean residual,MIN900,temporal,transfer_season,2021-22,134,134,-0.28789032612037735,-0.17073561834686135,0.6994606485429262,0.8990374505204806,-0.43619006319471443,-0.14556477822264988,0.07385148160377485,0.00015295198481193154,"Intercept-only mean=0, player-cluster robust t; conditional on trained OOF models",0.0007647599240596576,,,
MIXED,True,True,3,-0.008178569958868549,log fee mean residual,MIN270,grouped,transfer_season,2022-23,228,228,-0.008178569958868549,-0.03980328797451094,0.6626394712291053,0.8573025230845442,-0.12148234142797211,0.10377197527685494,0.05689857763528661,0.8858337430368985,"Intercept-only mean=0, player-cluster robust t; conditional on trained OOF models",0.9880716886814112,,,
MIXED,True,True,3,-0.22009676752432372,log fee mean residual,MIN270,temporal,transfer_season,2022-23,228,228,-0.22009676752432372,-0.21374662176661108,0.7192729411856759,0.9197040832798953,-0.3347702282580698,-0.0930424642073355,0.05926915436878239,0.0002572923905444794,"Intercept-only mean=0, player-cluster robust t; conditional on trained OOF models",0.0015273761120124713,,,
MIXED,True,True,3,-0.0036347573133684486,log fee mean residual,MIN450,grouped,transfer_season,2022-23,218,218,-0.0036347573133684486,-0.04114651393162383,0.6892458412357402,0.8830982299673243,-0.11095593568422735,0.10955882894283038,0.059948106295665236,0.9517083079445837,"Intercept-only mean=0, player-cluster robust t; conditional on trained OOF models",0.9972819549859412,,,
MIXED,True,True,3,-0.22345926390697946,log fee mean residual,MIN450,temporal,transfer_season,2022-23,218,218,-0.22345926390697946,-0.23606141114846224,0.7298995579863967,0.9313973766189636,-0.3399228633196679,-0.09891091015140939,0.061380697312102876,0.00034017086910764354,"Intercept-only mean=0, player-cluster robust t; conditional on trained OOF models",0.003401708691076435,,,
MIXED,True,True,3,-0.012632044835788604,log fee mean residual,MIN900,grouped,transfer_season,2022-23,201,201,-0.012632044835788604,0.040300055337381124,0.6598681568641905,0.8676651206791911,-0.13079272780429396,0.1140183802711946,0.06134668667036965,0.8370687710371255,"Intercept-only mean=0, player-cluster robust t; conditional on trained OOF models",0.9963336506547816,,,
MIXED,True,True,3,-0.2459532827151268,log fee mean residual,MIN900,temporal,transfer_season,2022-23,201,201,-0.2459532827151268,-0.24795085279559892,0.701468247525711,0.9117266432411414,-0.37777953169717227,-0.12213524710869203,0.06207867809149178,0.000103372756429392,"Intercept-only mean=0, player-cluster robust t; conditional on trained OOF models",0.0007647599240596576,,,
INSUFFICIENT_EVIDENCE,False,False,3,-0.007212086154451796,log fee mean residual,MIN270,grouped,transfer_season,2023-24,227,227,-0.007212086154451796,0.004905003543097308,0.6935609411001356,0.9063621940467241,-0.12852189101113537,0.1126634998838407,0.060288407602099324,0.9048853645338591,"Intercept-only mean=0, player-cluster robust t; conditional on trained OOF models",0.9880716886814112,,,
INSUFFICIENT_EVIDENCE,False,False,3,0.08814626519905384,log fee mean residual,MIN270,temporal,transfer_season,2023-24,227,227,0.08814626519905384,0.10435978706015803,0.6981709721028212,0.902424686467263,-0.03225797555263759,0.21827096702947058,0.059741350715366674,0.14147941541452322,"Intercept-only mean=0, player-cluster robust t; conditional on trained OOF models",0.4604113881558298,,,
INSUFFICIENT_EVIDENCE,False,False,3,0.007145079724954256,log fee mean residual,MIN450,grouped,transfer_season,2023-24,220,220,0.007145079724954256,0.02760681715716018,0.6768423421459713,0.8819338240727909,-0.1123522340119859,0.12135407621388178,0.05959360918049005,0.9046748614543758,"Intercept-only mean=0, player-cluster robust t; conditional on trained OOF models",0.9972819549859412,,,
INSUFFICIENT_EVIDENCE,False,False,3,0.06909533512891002,log fee mean residual,MIN450,temporal,transfer_season,2023-24,220,220,0.06909533512891002,0.09703188048032274,0.6922802724346326,0.8943581813300714,-0.04661476537273784,0.18029573627048412,0.060254497972477755,0.2527466396259852,"Intercept-only mean=0, player-cluster robust t; conditional on trained OOF models",0.8424887987532841,,,
INSUFFICIENT_EVIDENCE,False,False,3,0.0042284434286281964,log fee mean residual,MIN900,grouped,transfer_season,2023-24,183,183,0.0042284434286281964,0.013212304213409354,0.6402216980776069,0.8198689702912818,-0.11551124511373792,0.11897571040302438,0.0607719231329595,0.9446052223783525,"Intercept-only mean=0, player-cluster robust t; conditional on trained OOF models",0.9963336506547816,,,
INSUFFICIENT_EVIDENCE,False,False,3,0.09521252699583832,log fee mean residual,MIN900,temporal,transfer_season,2023-24,183,183,0.09521252699583832,0.09977114767479733,0.6653549924324141,0.847697742031759,-0.021798411106531333,0.2271327254284015,0.06243792682586554,0.12901612928727063,"Intercept-only mean=0, player-cluster robust t; conditional on trained OOF models",0.32254032321817655,,,
MIXED,True,False,3,-0.0006865888102911018,log residual per year,MIN270,grouped,continuous_age,linear_age_slope,1059,863,,,,,-0.015822462475612805,0.014889453787514304,,0.9308609823932111,,0.9308609823932111,-0.0006865888102911018,0.007911194885602704,"Descriptive linear age trend, not nonlinear search or an age premium"
MIXED,True,False,3,-0.03337906915832778,log residual per year,MIN270,temporal,continuous_age,linear_age_slope,716,637,,,,,-0.05206069996553417,-0.01493291614108439,,0.00020746371532068755,,0.0004149274306413751,-0.03337906915832778,0.00894547993345972,"Descriptive linear age trend, not nonlinear search or an age premium"
MIXED,True,False,3,0.0012232958465606808,log residual per year,MIN450,grouped,continuous_age,linear_age_slope,1029,843,,,,,-0.014370531271090827,0.01638261292092318,,0.8786266263327096,,0.8786266263327096,0.0012232958465606808,0.008008124437038508,"Descriptive linear age trend, not nonlinear search or an age premium"
MIXED,True,False,3,-0.03441906087000495,log residual per year,MIN450,temporal,continuous_age,linear_age_slope,694,619,,,,,-0.05187955033055051,-0.016277708443706587,,0.00016884942026996815,,0.0003376988405399363,-0.03441906087000495,0.00909414318880916,"Descriptive linear age trend, not nonlinear search or an age premium"
MIXED,True,False,3,-0.0005887476882777175,log residual per year,MIN900,grouped,continuous_age,linear_age_slope,908,758,,,,,-0.017205080670273154,0.015612903925198847,,0.9428093608627646,,0.9428093608627646,-0.0005887476882777175,0.008204040036462492,"Descriptive linear age trend, not nonlinear search or an age premium"
MIXED,True,False,3,-0.030485644085620774,log residual per year,MIN900,temporal,continuous_age,linear_age_slope,614,553,,,,,-0.048488635363793255,-0.01206722348832711,,0.0014567508286037387,,0.0029135016572074774,-0.030485644085620774,0.009528886041664845,"Descriptive linear age trend, not nonlinear search or an age premium"
