dataset,validation,position,feature,status,evaluation_n,position_evaluation_n,unique_players,position_unique_players,folds_contributing,folds_available,feature_selection_frequency,mean_delta_rmse,median_delta_rmse,sd_delta_rmse,between_fold_sd,mean_delta_mae,ci_low,ci_high,baseline_rmse,baseline_mae,permutation_repeats,uncertainty
MIN270,group,FW,Gls_per90,SELECTED_EVALUATED,310,310,246,246,5,5,1.0,0.1116695756597945,0.11365091150440154,0.01721855975765573,0.05383552032473498,0.09017404069762719,0.07879330565839508,0.1462683757759986,0.8354237615102885,0.6314332062393939,30.0,"Cluster-player bootstrap, fixed fits and permutations; selected folds only. SD across permutation replicates; between-fold SD separate."
MIN270,group,FW,Ast_per90,SELECTED_EVALUATED,310,310,246,246,5,5,1.0,0.015688503143906626,0.015127943231871888,0.008304266421325278,0.012652486307424961,0.01926405780920222,-0.002590242141949054,0.031125171320946866,0.8354237615102885,0.6314332062393939,30.0,"Cluster-player bootstrap, fixed fits and permutations; selected folds only. SD across permutation replicates; between-fold SD separate."
MIN270,group,FW,Mins_Per_90_Playing,SELECTED_EVALUATED,310,310,246,246,5,5,1.0,0.09565061983244957,0.09347580517446114,0.01270884336818206,0.034990945648826946,0.0841472708078654,0.07066534913209208,0.12224994714372234,0.8354237615102885,0.6314332062393939,30.0,"Cluster-player bootstrap, fixed fits and permutations; selected folds only. SD across permutation replicates; between-fold SD separate."
MIN270,group,FW,xG_Per,SELECTED_EVALUATED,70,310,56,246,1,5,0.2,0.10829772216620523,0.11096271757764498,0.03748277532968285,,0.12448259458922913,0.04617215320447053,0.18094734144693642,0.9081115916769299,0.6552036035618654,30.0,"Cluster-player bootstrap, fixed fits and permutations; selected folds only. SD across permutation replicates; between-fold SD separate."
MIN270,group,FW,Succ_Take_per90,NOT_SELECTED_IN_ANY_EVALUABLE_FOLD,0,310,0,246,0,5,0.0,,,,,,,,,,,
MIN270,group,FW,PrgC_per90,SELECTED_EVALUATED,310,310,246,246,5,5,1.0,0.013736422242495105,0.013752023943862157,0.007375331765418991,0.016396346267729525,0.01201103647709086,-0.0012356603172942633,0.028299184661047916,0.8354237615102885,0.6314332062393939,30.0,"Cluster-player bootstrap, fixed fits and permutations; selected folds only. SD across permutation replicates; between-fold SD separate."
MIN270,group,FW,Cmp_percent_Total,SELECTED_EVALUATED,310,310,246,246,5,5,1.0,0.03380085767199435,0.03329807882977881,0.010831064637951068,0.02599235482933608,0.036536436334026944,0.006701515394424735,0.059185106708543336,0.8354237615102885,0.6314332062393939,30.0,"Cluster-player bootstrap, fixed fits and permutations; selected folds only. SD across permutation replicates; between-fold SD separate."
MIN270,group,FW,KP_per90,SELECTED_EVALUATED,255,310,203,246,4,5,0.8,0.004580931579354844,0.005932650766228897,0.006260462323071807,0.006359772501951999,0.006747868003963139,-0.006736908755605848,0.015228389678179048,0.8553034186983168,0.6479940920917951,30.0,"Cluster-player bootstrap, fixed fits and permutations; selected folds only. SD across permutation replicates; between-fold SD separate."
MIN270,group,FW,Won_percent_Aerial,SELECTED_EVALUATED,310,310,246,246,5,5,1.0,0.008255212316181948,0.00847204759362613,0.00453489020976666,0.0065725141856391636,0.0084627243620044,-0.003042093381939867,0.020383067843097798,0.8354237615102885,0.6314332062393939,30.0,"Cluster-player bootstrap, fixed fits and permutations; selected folds only. SD across permutation replicates; between-fold SD separate."
MIN270,group,FW,Recov_per90,SELECTED_EVALUATED,186,310,147,246,3,5,0.6,0.0017172709596139034,0.00031224839729293574,0.00608811907334284,0.00147064881398055,-0.0023542279079576513,-0.008710204995469676,0.012727248980223135,0.8388802626990217,0.6043454974841487,30.0,"Cluster-player bootstrap, fixed fits and permutations; selected folds only. SD across permutation replicates; between-fold SD separate."
MIN270,group,AM,Gls_per90,SELECTED_EVALUATED,72,72,55,55,5,5,1.0,0.02924247038108809,0.03019110533204833,0.019182798514644682,0.04730971748221957,0.03504989034382689,-0.01812973478264178,0.07831249391225241,0.8564011182243747,0.6418374158555831,30.0,"Cluster-player bootstrap, fixed fits and permutations; selected folds only. SD across permutation replicates; between-fold SD separate."
MIN270,group,AM,Ast_per90,SELECTED_EVALUATED,72,72,55,55,5,5,1.0,0.025140924866020497,0.027431678622839406,0.011204974312561674,0.04847266248980722,0.03264485780926996,-0.0009894955171325269,0.0538885907538644,0.8564011182243747,0.6418374158555831,30.0,"Cluster-player bootstrap, fixed fits and permutations; selected folds only. SD across permutation replicates; between-fold SD separate."
MIN270,group,AM,Mins_Per_90_Playing,SELECTED_EVALUATED,72,72,55,55,5,5,1.0,0.07337119103984097,0.07466848067181087,0.028277093002378698,0.044091294746165646,0.054175185725328166,0.02304159608986506,0.12969249619664655,0.8564011182243747,0.6418374158555831,30.0,"Cluster-player bootstrap, fixed fits and permutations; selected folds only. SD across permutation replicates; between-fold SD separate."
MIN270,group,AM,xG_Per,SELECTED_EVALUATED,13,72,9,55,1,5,0.2,0.03808889501653942,0.042532418424676144,0.0516947973327362,,0.037220044653853784,-0.020764531538182408,0.1090930438495077,0.6421291994736911,0.5428535214722818,30.0,"Cluster-player bootstrap, fixed fits and permutations; selected folds only. SD across permutation replicates; between-fold SD separate."
MIN270,group,AM,Succ_Take_per90,NOT_SELECTED_IN_ANY_EVALUABLE_FOLD,0,72,0,55,0,5,0.0,,,,,,,,,,,
MIN270,group,AM,PrgC_per90,SELECTED_EVALUATED,72,72,55,55,5,5,1.0,0.011012227444976245,0.012330245370099469,0.008417766381951984,0.011803089972299887,0.0005549635596476291,-0.011164114184051594,0.031013963260195215,0.8564011182243747,0.6418374158555831,30.0,"Cluster-player bootstrap, fixed fits and permutations; selected folds only. SD across permutation replicates; between-fold SD separate."
MIN270,group,AM,Cmp_percent_Total,SELECTED_EVALUATED,72,72,55,55,5,5,1.0,0.05549685072041065,0.058888572900115954,0.0226262849702091,0.0629750877860059,0.04114739456354989,0.004935923946332189,0.10879764999321491,0.8564011182243747,0.6418374158555831,30.0,"Cluster-player bootstrap, fixed fits and permutations; selected folds only. SD across permutation replicates; between-fold SD separate."
MIN270,group,AM,KP_per90,SELECTED_EVALUATED,52,72,40,55,4,5,0.8,0.008421347575775251,0.006531485257579572,0.010899474238819618,0.025595883893031617,0.015242744096686751,-0.01142449639845316,0.029604361799784647,0.9507741114902163,0.7255522169514378,30.0,"Cluster-player bootstrap, fixed fits and permutations; selected folds only. SD across permutation replicates; between-fold SD separate."
MIN270,group,AM,Won_percent_Aerial,SELECTED_EVALUATED,72,72,55,55,5,5,1.0,0.005125483969399166,0.005789700606921133,0.00880004340300506,0.021332699439639165,0.0009243902672608624,-0.01340988531964467,0.024060165476727822,0.8564011182243747,0.6418374158555831,30.0,"Cluster-player bootstrap, fixed fits and permutations; selected folds only. SD across permutation replicates; between-fold SD separate."
MIN270,group,AM,Recov_per90,SELECTED_EVALUATED,42,72,32,55,3,5,0.6,-0.005195940615062914,-0.005448253691111682,0.011992214479876395,0.008640700516403529,-0.01303105129639592,-0.025827948697434218,0.011658969458936866,0.6850837164531653,0.5348182875915123,30.0,"Cluster-player bootstrap, fixed fits and permutations; selected folds only. SD across permutation replicates; between-fold SD separate."
MIN270,group,CM/DM,Gls_per90,SELECTED_EVALUATED,268,268,223,223,5,5,1.0,0.0020991433310157998,-0.0002640578253007564,0.009649432583965238,0.019908403690459167,0.009194231356240975,-0.012570784620774387,0.019681779638342754,0.8227996001898749,0.6393799471547473,30.0,"Cluster-player bootstrap, fixed fits and permutations; selected folds only. SD across permutation replicates; between-fold SD separate."
MIN270,group,CM/DM,Ast_per90,SELECTED_EVALUATED,268,268,223,223,5,5,1.0,0.01825666041986646,0.017646090466219455,0.005679103735808279,0.008628796861413116,0.014502512096576166,0.0071051257262454235,0.030240731207111328,0.8227996001898749,0.6393799471547473,30.0,"Cluster-player bootstrap, fixed fits and permutations; selected folds only. SD across permutation replicates; between-fold SD separate."
MIN270,group,CM/DM,Mins_Per_90_Playing,SELECTED_EVALUATED,268,268,223,223,5,5,1.0,0.07611124008681387,0.07707269752788254,0.017815507867692905,0.0313460423917136,0.05921702302423593,0.04732540302019877,0.10417185989459617,0.8227996001898749,0.6393799471547473,30.0,"Cluster-player bootstrap, fixed fits and permutations; selected folds only. SD across permutation replicates; between-fold SD separate."
MIN270,group,CM/DM,xG_Per,SELECTED_EVALUATED,57,268,48,223,1,5,0.2,0.007518023078679525,0.00630729730963786,0.0128817944564955,,0.013376387222668514,-0.01198682017784704,0.029947583784153416,0.8561296925484353,0.6487726762724493,30.0,"Cluster-player bootstrap, fixed fits and permutations; selected folds only. SD across permutation replicates; between-fold SD separate."
MIN270,group,CM/DM,Succ_Take_per90,NOT_SELECTED_IN_ANY_EVALUABLE_FOLD,0,268,0,223,0,5,0.0,,,,,,,,,,,
MIN270,group,CM/DM,PrgC_per90,SELECTED_EVALUATED,268,268,223,223,5,5,1.0,0.005883209061001075,0.005774047437785312,0.004726386239780267,0.004836166666353001,0.00981999031541381,-0.004033368009764091,0.015993428956757608,0.8227996001898749,0.6393799471547473,30.0,"Cluster-player bootstrap, fixed fits and permutations; selected folds only. SD across permutation replicates; between-fold SD separate."
MIN270,group,CM/DM,Cmp_percent_Total,SELECTED_EVALUATED,268,268,223,223,5,5,1.0,0.044410830738562036,0.04489499404324382,0.009359367715744865,0.021583308570656257,0.03897254700749917,0.024151805167507742,0.0633339069020094,0.8227996001898749,0.6393799471547473,30.0,"Cluster-player bootstrap, fixed fits and permutations; selected folds only. SD across permutation replicates; between-fold SD separate."
MIN270,group,CM/DM,KP_per90,SELECTED_EVALUATED,210,268,174,223,4,5,0.8,0.0056304501687300095,0.006309697677519377,0.004891559686761538,0.007498696065954459,0.007159491197872865,-0.00566730532431768,0.01725978742100286,0.7988115923676642,0.6213896083465986,30.0,"Cluster-player bootstrap, fixed fits and permutations; selected folds only. SD across permutation replicates; between-fold SD separate."
MIN270,group,CM/DM,Won_percent_Aerial,SELECTED_EVALUATED,268,268,223,223,5,5,1.0,0.00222065640126398,0.0021966637957643864,0.00518488859719711,0.00950352445736443,0.001696093767309596,-0.010944398550001493,0.014405931565024859,0.8227996001898749,0.6393799471547473,30.0,"Cluster-player bootstrap, fixed fits and permutations; selected folds only. SD across permutation replicates; between-fold SD separate."
MIN270,group,CM/DM,Recov_per90,SELECTED_EVALUATED,159,268,137,223,3,5,0.6,0.0010848114693617979,0.0005129125101007159,0.004794147895046617,0.009171236178524025,0.0020352035365875745,-0.008887815197255563,0.011656181883733666,0.8605482866107097,0.6701569002668571,30.0,"Cluster-player bootstrap, fixed fits and permutations; selected folds only. SD across permutation replicates; between-fold SD separate."
MIN270,group,SB,Gls_per90,SELECTED_EVALUATED,147,147,117,117,5,5,1.0,0.01744613549206963,0.01725936013568513,0.008763144187554698,0.011184414891866296,0.013169323324493172,0.0021228607748131007,0.035394993561835224,0.9148980779076706,0.6911245300559693,30.0,"Cluster-player bootstrap, fixed fits and permutations; selected folds only. SD across permutation replicates; between-fold SD separate."
MIN270,group,SB,Ast_per90,SELECTED_EVALUATED,147,147,117,117,5,5,1.0,0.006574725451517956,0.007512022289093034,0.006937801440473107,0.020653237456340977,0.008622606181530594,-0.010436817182270788,0.02309941853409218,0.9148980779076706,0.6911245300559693,30.0,"Cluster-player bootstrap, fixed fits and permutations; selected folds only. SD across permutation replicates; between-fold SD separate."
MIN270,group,SB,Mins_Per_90_Playing,SELECTED_EVALUATED,147,147,117,117,5,5,1.0,0.06657719031862384,0.06588689846798401,0.025588179542567147,0.08019598685076999,0.06722430955986909,0.0035328655937081114,0.1252036904585771,0.9148980779076706,0.6911245300559693,30.0,"Cluster-player bootstrap, fixed fits and permutations; selected folds only. SD across permutation replicates; between-fold SD separate."
MIN270,group,SB,xG_Per,SELECTED_EVALUATED,25,147,21,117,1,5,0.2,0.008147027939665707,0.0073828286692637635,0.0066159323449220386,,0.009495697499153574,-0.004297981183501879,0.019077674337235458,1.1922028163401786,0.9968352997559424,30.0,"Cluster-player bootstrap, fixed fits and permutations; selected folds only. SD across permutation replicates; between-fold SD separate."
MIN270,group,SB,Succ_Take_per90,NOT_SELECTED_IN_ANY_EVALUABLE_FOLD,0,147,0,117,0,5,0.0,,,,,,,,,,,
MIN270,group,SB,PrgC_per90,SELECTED_EVALUATED,147,147,117,117,5,5,1.0,0.004430515654227985,0.004786223623812091,0.00891940988960586,0.00996321161386331,0.011623858643432098,-0.01358530462343936,0.02565001656127573,0.9148980779076706,0.6911245300559693,30.0,"Cluster-player bootstrap, fixed fits and permutations; selected folds only. SD across permutation replicates; between-fold SD separate."
MIN270,group,SB,Cmp_percent_Total,SELECTED_EVALUATED,147,147,117,117,5,5,1.0,0.051575862881390475,0.0508933331368579,0.014771764288533877,0.04056928159134154,0.050772490697111004,0.01908836756235884,0.08569482939764363,0.9148980779076706,0.6911245300559693,30.0,"Cluster-player bootstrap, fixed fits and permutations; selected folds only. SD across permutation replicates; between-fold SD separate."
MIN270,group,SB,KP_per90,SELECTED_EVALUATED,120,147,95,117,4,5,0.8,-0.006334614811308422,-0.005602383397110278,0.007265935466153204,0.014347950310358631,0.0011402698742735177,-0.024199138882636084,0.012508861176020743,0.9301772192299483,0.6943199033688907,30.0,"Cluster-player bootstrap, fixed fits and permutations; selected folds only. SD across permutation replicates; between-fold SD separate."
MIN270,group,SB,Won_percent_Aerial,SELECTED_EVALUATED,147,147,117,117,5,5,1.0,0.017730899561400233,0.01853204183611379,0.0075122226679569405,0.02136121949970352,0.013367441492269035,-0.0010255133276429287,0.0335920156931036,0.9148980779076706,0.6911245300559693,30.0,"Cluster-player bootstrap, fixed fits and permutations; selected folds only. SD across permutation replicates; between-fold SD separate."
MIN270,group,SB,Recov_per90,SELECTED_EVALUATED,94,147,74,117,3,5,0.6,0.0077203812905666325,0.007360491633114863,0.006731173796792413,0.01209211869933435,0.0096258346165588,-0.00926486327019234,0.02456086093569284,0.8964830236563697,0.6923533973996999,30.0,"Cluster-player bootstrap, fixed fits and permutations; selected folds only. SD across permutation replicates; between-fold SD separate."
MIN270,group,CB,Gls_per90,SELECTED_EVALUATED,191,191,161,161,5,5,1.0,0.01738848887294076,0.017124050734000917,0.005979328211142419,0.01574741094806263,0.01266507575810789,0.0029005835082630354,0.030447869077766226,0.870905120038858,0.7011333976873118,30.0,"Cluster-player bootstrap, fixed fits and permutations; selected folds only. SD across permutation replicates; between-fold SD separate."
MIN270,group,CB,Ast_per90,SELECTED_EVALUATED,191,191,161,161,5,5,1.0,0.003567264865647668,0.0029975296666931994,0.0032234203310615582,0.005803916857203055,0.004767885467977921,-0.003628864361002071,0.009965265329655299,0.870905120038858,0.7011333976873118,30.0,"Cluster-player bootstrap, fixed fits and permutations; selected folds only. SD across permutation replicates; between-fold SD separate."
MIN270,group,CB,Mins_Per_90_Playing,SELECTED_EVALUATED,191,191,161,161,5,5,1.0,0.0770648790840353,0.07859496761515361,0.020393234132354724,0.04639375638998707,0.041329441506387954,0.04045645070893062,0.11655629688602834,0.870905120038858,0.7011333976873118,30.0,"Cluster-player bootstrap, fixed fits and permutations; selected folds only. SD across permutation replicates; between-fold SD separate."
MIN270,group,CB,xG_Per,SELECTED_EVALUATED,29,191,24,161,1,5,0.2,0.012527848633380956,0.012378532122887698,0.009843765096833693,,0.007410012494708803,-0.002097090997954486,0.02720132283965381,0.8461143205603764,0.702111338274796,30.0,"Cluster-player bootstrap, fixed fits and permutations; selected folds only. SD across permutation replicates; between-fold SD separate."
MIN270,group,CB,Succ_Take_per90,NOT_SELECTED_IN_ANY_EVALUABLE_FOLD,0,191,0,161,0,5,0.0,,,,,,,,,,,
MIN270,group,CB,PrgC_per90,SELECTED_EVALUATED,191,191,161,161,5,5,1.0,0.01143560724325825,0.011886097030441689,0.0036081503685924275,0.006495268507205364,0.009279560235781492,0.0058916228322622,0.01695323430310579,0.870905120038858,0.7011333976873118,30.0,"Cluster-player bootstrap, fixed fits and permutations; selected folds only. SD across permutation replicates; between-fold SD separate."
MIN270,group,CB,Cmp_percent_Total,SELECTED_EVALUATED,191,191,161,161,5,5,1.0,0.05084439199362997,0.04964663023654525,0.016949396811943768,0.037321929575461425,0.04192257429578272,0.028896228783395927,0.0707015412881933,0.870905120038858,0.7011333976873118,30.0,"Cluster-player bootstrap, fixed fits and permutations; selected folds only. SD across permutation replicates; between-fold SD separate."
MIN270,group,CB,KP_per90,SELECTED_EVALUATED,147,191,125,161,4,5,0.8,0.006679418264266723,0.007092123517226212,0.0021437268416401993,0.0038860561781711997,0.003466812299404069,0.0018285029827234578,0.011791393884406526,0.8583674466561882,0.6970870366373216,30.0,"Cluster-player bootstrap, fixed fits and permutations; selected folds only. SD across permutation replicates; between-fold SD separate."
MIN270,group,CB,Won_percent_Aerial,SELECTED_EVALUATED,191,191,161,161,5,5,1.0,0.013430813152616298,0.013609422425185091,0.004179755013421837,0.00404202018021669,0.014881054069285282,0.0049820474388574095,0.021426268706214713,0.870905120038858,0.7011333976873118,30.0,"Cluster-player bootstrap, fixed fits and permutations; selected folds only. SD across permutation replicates; between-fold SD separate."
MIN270,group,CB,Recov_per90,SELECTED_EVALUATED,112,191,92,161,3,5,0.6,0.015337484141526966,0.015375498698241119,0.007383540850528733,0.007813952310373847,0.018150374183285738,0.003320083164645144,0.027497061050420015,0.8202038948699,0.6434983152767862,30.0,"Cluster-player bootstrap, fixed fits and permutations; selected folds only. SD across permutation replicates; between-fold SD separate."
MIN270,temporal,FW,Gls_per90,SELECTED_EVALUATED,208,208,182,182,4,4,1.0,0.14022712173740529,0.14163515748051547,0.024836912605648437,0.05023880886620049,0.11681113440213402,0.08447684845701563,0.19382944815485367,0.8610592724347438,0.6551900032605568,30.0,"Cluster-player bootstrap, fixed fits and permutations; selected folds only. SD across permutation replicates; between-fold SD separate."
MIN270,temporal,FW,Ast_per90,SELECTED_EVALUATED,208,208,182,182,4,4,1.0,0.012809455784518912,0.013554038549842162,0.009066026400562853,0.024398082160505194,0.013494424863569443,-0.005750202996473626,0.03275839689466943,0.8610592724347438,0.6551900032605568,30.0,"Cluster-player bootstrap, fixed fits and permutations; selected folds only. SD across permutation replicates; between-fold SD separate."
MIN270,temporal,FW,Mins_Per_90_Playing,SELECTED_EVALUATED,208,208,182,182,4,4,1.0,0.08438858199475227,0.08631769211070162,0.016990629234274184,0.032303783395081234,0.06363014479155248,0.056096550882083956,0.11360358991566341,0.8610592724347438,0.6551900032605568,30.0,"Cluster-player bootstrap, fixed fits and permutations; selected folds only. SD across permutation replicates; between-fold SD separate."
MIN270,temporal,FW,xG_Per,NOT_SELECTED_IN_ANY_EVALUABLE_FOLD,0,208,0,182,0,4,0.0,,,,,,,,,,,
MIN270,temporal,FW,Succ_Take_per90,SELECTED_EVALUATED,39,208,39,182,1,4,0.25,-0.007127340190346565,-0.004492226841101288,0.018319819905136085,,-0.006445948629731039,-0.03323387613393775,0.0237677772138158,0.8418213060733234,0.661016238308798,30.0,"Cluster-player bootstrap, fixed fits and permutations; selected folds only. SD across permutation replicates; between-fold SD separate."
MIN270,temporal,FW,PrgC_per90,SELECTED_EVALUATED,208,208,182,182,4,4,1.0,0.031620770322616766,0.03254646743749856,0.009531961707446352,0.020598617697087138,0.02364310166593835,0.011416379383261841,0.053500459143055366,0.8610592724347438,0.6551900032605568,30.0,"Cluster-player bootstrap, fixed fits and permutations; selected folds only. SD across permutation replicates; between-fold SD separate."
MIN270,temporal,FW,Cmp_percent_Total,SELECTED_EVALUATED,208,208,182,182,4,4,1.0,0.045977315890136455,0.04757580248950943,0.015200789459771007,0.035068151343184556,0.03796892663371649,0.01468215690851694,0.07638925966994489,0.8610592724347438,0.6551900032605568,30.0,"Cluster-player bootstrap, fixed fits and permutations; selected folds only. SD across permutation replicates; between-fold SD separate."
MIN270,temporal,FW,KP_per90,SELECTED_EVALUATED,69,208,69,182,1,4,0.25,-0.0005939708300454354,-0.0007167932096050489,0.007075271495461149,,0.0040773138269832605,-0.014340117995934416,0.01489658503097534,0.8914341689684001,0.6960592541541661,30.0,"Cluster-player bootstrap, fixed fits and permutations; selected folds only. SD across permutation replicates; between-fold SD separate."
MIN270,temporal,FW,Won_percent_Aerial,SELECTED_EVALUATED,208,208,182,182,4,4,1.0,0.00875978829909057,0.009506876164497025,0.007342686157084282,0.018997146730731804,0.005795781349863168,-0.006692221523973776,0.024534190114875006,0.8610592724347438,0.6551900032605568,30.0,"Cluster-player bootstrap, fixed fits and permutations; selected folds only. SD across permutation replicates; between-fold SD separate."
MIN270,temporal,FW,Recov_per90,SELECTED_EVALUATED,69,208,69,182,1,4,0.25,0.004252176342059266,0.003916234878695968,0.006341934079420054,,0.0015794008542544165,-0.009724073586749435,0.018752006333888762,0.8914341689684001,0.6960592541541661,30.0,"Cluster-player bootstrap, fixed fits and permutations; selected folds only. SD across permutation replicates; between-fold SD separate."
MIN270,temporal,AM,Gls_per90,SELECTED_EVALUATED,50,50,42,42,4,4,1.0,0.011805489321400863,0.013227119968343082,0.03424522166178532,0.04635638670435848,-0.007898805212861359,-0.03658671954264854,0.061915417666709174,0.9059614883580868,0.7132742071602054,30.0,"Cluster-player bootstrap, fixed fits and permutations; selected folds only. SD across permutation replicates; between-fold SD separate."
MIN270,temporal,AM,Ast_per90,SELECTED_EVALUATED,50,50,42,42,4,4,1.0,0.02271430946613775,0.023307016200032005,0.013171030737772411,0.02884846407293804,0.026749805149771076,-0.005635908361775718,0.05613711196475576,0.9059614883580868,0.7132742071602054,30.0,"Cluster-player bootstrap, fixed fits and permutations; selected folds only. SD across permutation replicates; between-fold SD separate."
MIN270,temporal,AM,Mins_Per_90_Playing,SELECTED_EVALUATED,50,50,42,42,4,4,1.0,0.04826982031410523,0.04861221265795701,0.027427848868455573,0.11588046258202861,0.011915976510138915,-0.021550826560740862,0.10746658387214043,0.9059614883580868,0.7132742071602054,30.0,"Cluster-player bootstrap, fixed fits and permutations; selected folds only. SD across permutation replicates; between-fold SD separate."
MIN270,temporal,AM,xG_Per,NOT_SELECTED_IN_ANY_EVALUABLE_FOLD,0,50,0,42,0,4,0.0,,,,,,,,,,,
MIN270,temporal,AM,Succ_Take_per90,SELECTED_EVALUATED,6,50,6,42,1,4,0.25,0.009504525600309725,0.015217119879254115,0.0322667499058768,,-0.011357847240127452,-0.04859102049564682,0.06707484352209958,0.5916481275855627,0.5455461797914142,30.0,"Cluster-player bootstrap, fixed fits and permutations; selected folds only. SD across permutation replicates; between-fold SD separate."
MIN270,temporal,AM,PrgC_per90,SELECTED_EVALUATED,50,50,42,42,4,4,1.0,-0.0037614253066802143,-0.004713551424258278,0.012605176272770375,0.01821444410031386,-0.015141909149433768,-0.03104010275555012,0.02876113555299958,0.9059614883580868,0.7132742071602054,30.0,"Cluster-player bootstrap, fixed fits and permutations; selected folds only. SD across permutation replicates; between-fold SD separate."
MIN270,temporal,AM,Cmp_percent_Total,SELECTED_EVALUATED,50,50,42,42,4,4,1.0,0.06533511634293734,0.05972486353320583,0.025795832242050332,0.07653376345490161,0.04029908214343794,-0.002208933648107967,0.1353636657734309,0.9059614883580868,0.7132742071602054,30.0,"Cluster-player bootstrap, fixed fits and permutations; selected folds only. SD across permutation replicates; between-fold SD separate."
MIN270,temporal,AM,KP_per90,SELECTED_EVALUATED,23,50,23,42,1,4,0.25,0.007541623663574955,0.0074244960957813855,0.01752253531317228,,0.027267170828217342,-0.0238734919860517,0.05038507803137739,0.7811232320430589,0.6258432646299591,30.0,"Cluster-player bootstrap, fixed fits and permutations; selected folds only. SD across permutation replicates; between-fold SD separate."
MIN270,temporal,AM,Won_percent_Aerial,SELECTED_EVALUATED,50,50,42,42,4,4,1.0,0.020037480976433302,0.01962480990839649,0.007992342762887569,0.05146197670373847,0.015293834354311546,-0.004320068584715116,0.04560016682404002,0.9059614883580868,0.7132742071602054,30.0,"Cluster-player bootstrap, fixed fits and permutations; selected folds only. SD across permutation replicates; between-fold SD separate."
MIN270,temporal,AM,Recov_per90,SELECTED_EVALUATED,23,50,23,42,1,4,0.25,0.006565790208568915,0.0064685451382515136,0.010764185725347307,,0.0022592989313010275,-0.020389115225730524,0.03222862634346637,0.7811232320430589,0.6258432646299591,30.0,"Cluster-player bootstrap, fixed fits and permutations; selected folds only. SD across permutation replicates; between-fold SD separate."
MIN270,temporal,CM/DM,Gls_per90,SELECTED_EVALUATED,186,186,167,167,4,4,1.0,0.013460371846126,0.012062781607358186,0.011069126134943118,0.03966537925003524,0.019305765992920523,-0.013772609488717577,0.04061509030871755,0.8387744126326475,0.6548983989824618,30.0,"Cluster-player bootstrap, fixed fits and permutations; selected folds only. SD across permutation replicates; between-fold SD separate."
MIN270,temporal,CM/DM,Ast_per90,SELECTED_EVALUATED,186,186,167,167,4,4,1.0,0.024407768690674132,0.023518409968089626,0.007938857987689991,0.009781623021137446,0.01744242470315626,0.012310840690560553,0.035664133183274015,0.8387744126326475,0.6548983989824618,30.0,"Cluster-player bootstrap, fixed fits and permutations; selected folds only. SD across permutation replicates; between-fold SD separate."
MIN270,temporal,CM/DM,Mins_Per_90_Playing,SELECTED_EVALUATED,186,186,167,167,4,4,1.0,0.06517722330976476,0.0660076955973854,0.02917354656552382,0.024665517058261924,0.04101143497096393,0.027063371857670285,0.09871732645859757,0.8387744126326475,0.6548983989824618,30.0,"Cluster-player bootstrap, fixed fits and permutations; selected folds only. SD across permutation replicates; between-fold SD separate."
MIN270,temporal,CM/DM,xG_Per,NOT_SELECTED_IN_ANY_EVALUABLE_FOLD,0,186,0,167,0,4,0.0,,,,,,,,,,,
MIN270,temporal,CM/DM,Succ_Take_per90,SELECTED_EVALUATED,34,186,34,167,1,4,0.25,0.02416306228250151,0.023368690422847616,0.013003104678757293,,0.009403504161603574,1.3507188917423473e-05,0.04761761052266145,0.7420653059750154,0.5566890503582007,30.0,"Cluster-player bootstrap, fixed fits and permutations; selected folds only. SD across permutation replicates; between-fold SD separate."
MIN270,temporal,CM/DM,PrgC_per90,SELECTED_EVALUATED,186,186,167,167,4,4,1.0,0.018825072825151275,0.01927990430774479,0.007744309267156357,0.01099508529604869,0.019236556731777606,0.0051954390955230995,0.03286801047275502,0.8387744126326475,0.6548983989824618,30.0,"Cluster-player bootstrap, fixed fits and permutations; selected folds only. SD across permutation replicates; between-fold SD separate."
MIN270,temporal,CM/DM,Cmp_percent_Total,SELECTED_EVALUATED,186,186,167,167,4,4,1.0,0.04070536681388236,0.03939214228725296,0.016775529923485834,0.016157996053074556,0.032891766094109244,0.01353300265921349,0.06733735407720025,0.8387744126326475,0.6548983989824618,30.0,"Cluster-player bootstrap, fixed fits and permutations; selected folds only. SD across permutation replicates; between-fold SD separate."
MIN270,temporal,CM/DM,KP_per90,SELECTED_EVALUATED,68,186,68,167,1,4,0.25,0.004131132454829522,0.0029285134746957486,0.009074335033727591,,0.014675199713922001,-0.012403661282608459,0.020668626242545216,0.8648836987272929,0.6611548241048544,30.0,"Cluster-player bootstrap, fixed fits and permutations; selected folds only. SD across permutation replicates; between-fold SD separate."
MIN270,temporal,CM/DM,Won_percent_Aerial,SELECTED_EVALUATED,186,186,167,167,4,4,1.0,0.0004399910368228806,-0.0008980414611337584,0.007939529377356367,0.009250663543159341,0.0023211602268269536,-0.018040172206114292,0.020598685838159093,0.8387744126326475,0.6548983989824618,30.0,"Cluster-player bootstrap, fixed fits and permutations; selected folds only. SD across permutation replicates; between-fold SD separate."
MIN270,temporal,CM/DM,Recov_per90,SELECTED_EVALUATED,68,186,68,167,1,4,0.25,0.007737444355290838,0.007469481193656369,0.005139404148713305,,0.006612488672329838,-0.0072045014399761,0.02268957489097923,0.8648836987272929,0.6611548241048544,30.0,"Cluster-player bootstrap, fixed fits and permutations; selected folds only. SD across permutation replicates; between-fold SD separate."
MIN270,temporal,SB,Gls_per90,SELECTED_EVALUATED,95,95,83,83,4,4,1.0,0.026365818513545605,0.02625016967569138,0.011831959725942049,0.009241219265238293,0.011933496621593601,-4.887194055758848e-05,0.053873356518221616,0.9879444259181505,0.7767820400545378,30.0,"Cluster-player bootstrap, fixed fits and permutations; selected folds only. SD across permutation replicates; between-fold SD separate."
MIN270,temporal,SB,Ast_per90,SELECTED_EVALUATED,95,95,83,83,4,4,1.0,0.009056553502607449,0.0090940192685241,0.010206893696810392,0.028132388669491217,0.003893880976810216,-0.012646075951915548,0.029763443216084855,0.9879444259181505,0.7767820400545378,30.0,"Cluster-player bootstrap, fixed fits and permutations; selected folds only. SD across permutation replicates; between-fold SD separate."
MIN270,temporal,SB,Mins_Per_90_Playing,SELECTED_EVALUATED,95,95,83,83,4,4,1.0,0.08702161857941461,0.0857760394346615,0.023200075957786705,0.05224784633215353,0.0672139188784491,0.020278092351720352,0.15002763727256066,0.9879444259181505,0.7767820400545378,30.0,"Cluster-player bootstrap, fixed fits and permutations; selected folds only. SD across permutation replicates; between-fold SD separate."
MIN270,temporal,SB,xG_Per,NOT_SELECTED_IN_ANY_EVALUABLE_FOLD,0,95,0,83,0,4,0.0,,,,,,,,,,,
MIN270,temporal,SB,Succ_Take_per90,SELECTED_EVALUATED,25,95,25,83,1,4,0.25,-0.02458197480760761,-0.022410737239782486,0.018155280911568285,,-0.015140284095410732,-0.06603694597687715,0.010591143454575404,0.9690815790131355,0.8548711586170238,30.0,"Cluster-player bootstrap, fixed fits and permutations; selected folds only. SD across permutation replicates; between-fold SD separate."
MIN270,temporal,SB,PrgC_per90,SELECTED_EVALUATED,95,95,83,83,4,4,1.0,-0.008456701935111192,-0.008798153497850625,0.008848054083450067,0.02870076311990363,-0.008996683644921984,-0.027298668208773805,0.011369882657981709,0.9879444259181505,0.7767820400545378,30.0,"Cluster-player bootstrap, fixed fits and permutations; selected folds only. SD across permutation replicates; between-fold SD separate."
MIN270,temporal,SB,Cmp_percent_Total,SELECTED_EVALUATED,95,95,83,83,4,4,1.0,0.054083415164390594,0.05671820420380591,0.02173335995037249,0.042822813909434834,0.0410047959295317,0.0067109189792021575,0.09733910369263221,0.9879444259181505,0.7767820400545378,30.0,"Cluster-player bootstrap, fixed fits and permutations; selected folds only. SD across permutation replicates; between-fold SD separate."
MIN270,temporal,SB,KP_per90,SELECTED_EVALUATED,22,95,22,83,1,4,0.25,-0.02253626678136378,-0.024374988206765758,0.010973017664007483,,-0.015143674429497718,-0.04575072799201645,0.00022835243416543887,1.1891147094194026,0.9551233892495904,30.0,"Cluster-player bootstrap, fixed fits and permutations; selected folds only. SD across permutation replicates; between-fold SD separate."
MIN270,temporal,SB,Won_percent_Aerial,SELECTED_EVALUATED,95,95,83,83,4,4,1.0,0.010945804081637008,0.01097746577142411,0.009773508971822399,0.01767749072557319,0.00900302339312059,-0.009634102329355907,0.03303009672587538,0.9879444259181505,0.7767820400545378,30.0,"Cluster-player bootstrap, fixed fits and permutations; selected folds only. SD across permutation replicates; between-fold SD separate."
MIN270,temporal,SB,Recov_per90,SELECTED_EVALUATED,22,95,22,83,1,4,0.25,-0.0028708553312844017,-0.0008778305378933648,0.012942419041725372,,0.0009176658653934541,-0.03185625773362239,0.026962630596159026,1.1891147094194026,0.9551233892495904,30.0,"Cluster-player bootstrap, fixed fits and permutations; selected folds only. SD across permutation replicates; between-fold SD separate."
MIN270,temporal,CB,Gls_per90,SELECTED_EVALUATED,133,133,123,123,4,4,1.0,0.010784483986186599,0.009331937880052987,0.007574894695436282,0.03900873186455113,0.010472813771216671,-0.010731236516265239,0.029855775619671447,0.929809444080275,0.7362307559931948,30.0,"Cluster-player bootstrap, fixed fits and permutations; selected folds only. SD across permutation replicates; between-fold SD separate."
MIN270,temporal,CB,Ast_per90,SELECTED_EVALUATED,133,133,123,123,4,4,1.0,0.004117855084446557,0.004800575636924376,0.0027497109915231447,0.005008206552509745,0.0032495839056425205,-0.0014812582513115916,0.009598327059788187,0.929809444080275,0.7362307559931948,30.0,"Cluster-player bootstrap, fixed fits and permutations; selected folds only. SD across permutation replicates; between-fold SD separate."
MIN270,temporal,CB,Mins_Per_90_Playing,SELECTED_EVALUATED,133,133,123,123,4,4,1.0,0.07000177529476553,0.07033422918972793,0.0162808119978933,0.04732267244083775,0.041161424428993044,0.03221473167092188,0.10843890689322837,0.929809444080275,0.7362307559931948,30.0,"Cluster-player bootstrap, fixed fits and permutations; selected folds only. SD across permutation replicates; between-fold SD separate."
MIN270,temporal,CB,xG_Per,NOT_SELECTED_IN_ANY_EVALUABLE_FOLD,0,133,0,123,0,4,0.0,,,,,,,,,,,
MIN270,temporal,CB,Succ_Take_per90,SELECTED_EVALUATED,36,133,36,123,1,4,0.25,0.018111690254612952,0.017838371425306088,0.0058923452606843155,,0.016551709496093938,0.0088987886117149,0.026613925314177684,1.161380206487303,0.9274649539552262,30.0,"Cluster-player bootstrap, fixed fits and permutations; selected folds only. SD across permutation replicates; between-fold SD separate."
MIN270,temporal,CB,PrgC_per90,SELECTED_EVALUATED,133,133,123,123,4,4,1.0,0.01283517994887093,0.011962196352323873,0.003949800291238091,0.017618220907349866,0.01105197807951875,0.005268737929941588,0.021276865667656384,0.929809444080275,0.7362307559931948,30.0,"Cluster-player bootstrap, fixed fits and permutations; selected folds only. SD across permutation replicates; between-fold SD separate."
MIN270,temporal,CB,Cmp_percent_Total,SELECTED_EVALUATED,133,133,123,123,4,4,1.0,0.050714856501362766,0.05044137897729645,0.0160749806025602,0.014182795585210392,0.0418641899983232,0.020555216138063062,0.08237582594055827,0.929809444080275,0.7362307559931948,30.0,"Cluster-player bootstrap, fixed fits and permutations; selected folds only. SD across permutation replicates; between-fold SD separate."
MIN270,temporal,CB,KP_per90,SELECTED_EVALUATED,33,133,33,123,1,4,0.25,0.008324293019258225,0.009228922135384121,0.007240995410475671,,3.183481031165577e-05,-0.004529613254825329,0.018514802705206144,0.8047258862265307,0.6233341961309392,30.0,"Cluster-player bootstrap, fixed fits and permutations; selected folds only. SD across permutation replicates; between-fold SD separate."
MIN270,temporal,CB,Won_percent_Aerial,SELECTED_EVALUATED,133,133,123,123,4,4,1.0,0.01777844266789356,0.018242124609826382,0.004780569656852789,0.01734830450598981,0.015456351202218476,0.0046172127503750346,0.030322476045523513,0.929809444080275,0.7362307559931948,30.0,"Cluster-player bootstrap, fixed fits and permutations; selected folds only. SD across permutation replicates; between-fold SD separate."
MIN270,temporal,CB,Recov_per90,SELECTED_EVALUATED,33,133,33,123,1,4,0.25,0.012145263088553297,0.011521527074057847,0.009753781311504436,,0.015124303835433384,-0.002251267058300209,0.025285867823138415,0.8047258862265307,0.6233341961309392,30.0,"Cluster-player bootstrap, fixed fits and permutations; selected folds only. SD across permutation replicates; between-fold SD separate."
