feature,record_type,term,raw_p,statistic,estimable_terms,n,unique_players,rmse_without,rmse_with,delta_rmse,rmse_ci_low,rmse_ci_high,mae_without,mae_with,delta_mae,mae_ci_low,mae_ci_high,r2_without,r2_with,ci_scope,position,status,coefficient,standard_error,ci_low,ci_high,adjusted_p,inference_scope
xG_Per,OMNIBUS,Joint estimable interactions,0.4087636943691666,0.9960615702628024,4.0,1059,863,0.8520991861109044,0.8529325332784049,-0.0008333471675004978,-0.005730212544105095,0.0032426146939024264,0.6581462984187589,0.6585304311545592,-0.00038413273580029106,-0.0038468998222950953,0.002994809507887376,0.44349297689224276,0.44240392449610766,Player-cluster bootstrap conditional on fitted folds; no model refit,,,,,,,0.49051643324299987,"Fixed all-ten-candidate specification, not selected Model4; player-cluster robust t/F; BH across six omnibus tests and all estimable interaction coefficients separately"
xG_Per,COEFFICIENT,xG_Per x AM vs FW,0.7168562593708095,,,1059,863,0.8520991861109044,0.8529325332784049,-0.0008333471675004978,-0.005730212544105095,0.0032426146939024264,0.6581462984187589,0.6585304311545592,-0.00038413273580029106,-0.0038468998222950953,0.002994809507887376,0.44349297689224276,0.44240392449610766,Player-cluster bootstrap conditional on fitted folds; no model refit,AM,ESTIMABLE,-0.3635393244475402,1.0020860175896413,-2.330353434447974,1.6032747855528937,0.8584206033790102,"Fixed all-ten-candidate specification, not selected Model4; player-cluster robust t/F; BH across six omnibus tests and all estimable interaction coefficients separately"
xG_Per,COEFFICIENT,xG_Per x CM/DM vs FW,0.08435782017782675,,,1059,863,0.8520991861109044,0.8529325332784049,-0.0008333471675004978,-0.005730212544105095,0.0032426146939024264,0.6581462984187589,0.6585304311545592,-0.00038413273580029106,-0.0038468998222950953,0.002994809507887376,0.44349297689224276,0.44240392449610766,Player-cluster bootstrap conditional on fitted folds; no model refit,CM/DM,ESTIMABLE,-1.332160586300505,0.7709547594251123,-2.845328789821176,0.18100761722016578,0.337431280711307,"Fixed all-ten-candidate specification, not selected Model4; player-cluster robust t/F; BH across six omnibus tests and all estimable interaction coefficients separately"
xG_Per,COEFFICIENT,xG_Per x SB vs FW,0.6478321674989053,,,1059,863,0.8520991861109044,0.8529325332784049,-0.0008333471675004978,-0.005730212544105095,0.0032426146939024264,0.6581462984187589,0.6585304311545592,-0.00038413273580029106,-0.0038468998222950953,0.002994809507887376,0.44349297689224276,0.44240392449610766,Player-cluster bootstrap conditional on fitted folds; no model refit,SB,ESTIMABLE,0.8634390341849851,1.8896279217856085,-2.845371181686796,4.572249250056766,0.8245136677258794,"Fixed all-ten-candidate specification, not selected Model4; player-cluster robust t/F; BH across six omnibus tests and all estimable interaction coefficients separately"
xG_Per,COEFFICIENT,xG_Per x CB vs FW,0.4803179075589659,,,1059,863,0.8520991861109044,0.8529325332784049,-0.0008333471675004978,-0.005730212544105095,0.0032426146939024264,0.6581462984187589,0.6585304311545592,-0.00038413273580029106,-0.0038468998222950953,0.002994809507887376,0.44349297689224276,0.44240392449610766,Player-cluster bootstrap conditional on fitted folds; no model refit,CB,ESTIMABLE,1.738447351427988,2.4620478214928387,-3.093862759489981,6.570757462345957,0.7575607809917407,"Fixed all-ten-candidate specification, not selected Model4; player-cluster robust t/F; BH across six omnibus tests and all estimable interaction coefficients separately"
xG_Per,COEFFICIENT,xG_Per x GK vs FW,,,,1059,863,0.8520991861109044,0.8529325332784049,-0.0008333471675004978,-0.005730212544105095,0.0032426146939024264,0.6581462984187589,0.6585304311545592,-0.00038413273580029106,-0.0038468998222950953,0.002994809507887376,0.44349297689224276,0.44240392449610766,Player-cluster bootstrap conditional on fitted folds; no model refit,GK,NOT_ESTIMABLE,,,,,,"Fixed all-ten-candidate specification, not selected Model4; player-cluster robust t/F; BH across six omnibus tests and all estimable interaction coefficients separately"
Gls_per90,OMNIBUS,Joint estimable interactions,0.1353698338160744,1.7575569306786114,4.0,1059,863,0.8520991861109044,0.8531626425234285,-0.0010634564125241441,-0.00736124077131334,0.004704254779551767,0.6581462984187589,0.6591766588637228,-0.0010303604449638515,-0.005885404268690937,0.003976121175823791,0.44349297689224276,0.4421030206970209,Player-cluster bootstrap conditional on fitted folds; no model refit,,,,,,,0.2707396676321488,"Fixed all-ten-candidate specification, not selected Model4; player-cluster robust t/F; BH across six omnibus tests and all estimable interaction coefficients separately"
Gls_per90,COEFFICIENT,Gls_per90 x AM vs FW,0.23228464179398475,,,1059,863,0.8520991861109044,0.8531626425234285,-0.0010634564125241441,-0.00736124077131334,0.004704254779551767,0.6581462984187589,0.6591766588637228,-0.0010303604449638515,-0.005885404268690937,0.003976121175823791,0.44349297689224276,0.4421030206970209,Player-cluster bootstrap conditional on fitted folds; no model refit,AM,ESTIMABLE,-0.8439749547249535,0.7060568477063501,-2.2297667392181975,0.5418168297682902,0.5912699972937794,"Fixed all-ten-candidate specification, not selected Model4; player-cluster robust t/F; BH across six omnibus tests and all estimable interaction coefficients separately"
Gls_per90,COEFFICIENT,Gls_per90 x CM/DM vs FW,0.03758309798892417,,,1059,863,0.8520991861109044,0.8531626425234285,-0.0010634564125241441,-0.00736124077131334,0.004704254779551767,0.6581462984187589,0.6591766588637228,-0.0010303604449638515,-0.005885404268690937,0.003976121175823791,0.44349297689224276,0.4421030206970209,Player-cluster bootstrap conditional on fitted folds; no model refit,CM/DM,ESTIMABLE,-1.2016472337589033,0.5769970322035161,-2.334130757574495,-0.06916370994331134,0.22914419385066706,"Fixed all-ten-candidate specification, not selected Model4; player-cluster robust t/F; BH across six omnibus tests and all estimable interaction coefficients separately"
Gls_per90,COEFFICIENT,Gls_per90 x SB vs FW,0.5386515995740316,,,1059,863,0.8520991861109044,0.8531626425234285,-0.0010634564125241441,-0.00736124077131334,0.004704254779551767,0.6581462984187589,0.6591766588637228,-0.0010303604449638515,-0.005885404268690937,0.003976121175823791,0.44349297689224276,0.4421030206970209,Player-cluster bootstrap conditional on fitted folds; no model refit,SB,ESTIMABLE,0.7720502100899684,1.255163880800626,-1.6914848435769583,3.235585263756895,0.7575607809917407,"Fixed all-ten-candidate specification, not selected Model4; player-cluster robust t/F; BH across six omnibus tests and all estimable interaction coefficients separately"
Gls_per90,COEFFICIENT,Gls_per90 x CB vs FW,0.3489771017207221,,,1059,863,0.8520991861109044,0.8531626425234285,-0.0010634564125241441,-0.00736124077131334,0.004704254779551767,0.6581462984187589,0.6591766588637228,-0.0010303604449638515,-0.005885404268690937,0.003976121175823791,0.44349297689224276,0.4421030206970209,Player-cluster bootstrap conditional on fitted folds; no model refit,CB,ESTIMABLE,1.5123554207059993,1.6138928580773861,-1.655264114521755,4.679974955933753,0.6921038651153716,"Fixed all-ten-candidate specification, not selected Model4; player-cluster robust t/F; BH across six omnibus tests and all estimable interaction coefficients separately"
Gls_per90,COEFFICIENT,Gls_per90 x GK vs FW,,,,1059,863,0.8520991861109044,0.8531626425234285,-0.0010634564125241441,-0.00736124077131334,0.004704254779551767,0.6581462984187589,0.6591766588637228,-0.0010303604449638515,-0.005885404268690937,0.003976121175823791,0.44349297689224276,0.4421030206970209,Player-cluster bootstrap conditional on fitted folds; no model refit,GK,NOT_ESTIMABLE,,,,,,"Fixed all-ten-candidate specification, not selected Model4; player-cluster robust t/F; BH across six omnibus tests and all estimable interaction coefficients separately"
Cmp_percent_Total,OMNIBUS,Joint estimable interactions,0.5116429274403161,0.8540365604557245,5.0,1059,863,0.8520991861109044,0.8578862531948221,-0.005787067083917741,-0.010899413605668345,-0.0008883585240657283,0.6581462984187589,0.6625271816154115,-0.00438088319665253,-0.008791723764095927,9.112752603468154e-05,0.44349297689224276,0.43590822677021646,Player-cluster bootstrap conditional on fitted folds; no model refit,,,,,,,0.5116429274403161,"Fixed all-ten-candidate specification, not selected Model4; player-cluster robust t/F; BH across six omnibus tests and all estimable interaction coefficients separately"
Cmp_percent_Total,COEFFICIENT,Cmp_percent_Total x AM vs FW,0.5913264872947428,,,1059,863,0.8520991861109044,0.8578862531948221,-0.005787067083917741,-0.010899413605668345,-0.0008883585240657283,0.6581462984187589,0.6625271816154115,-0.00438088319665253,-0.008791723764095927,9.112752603468154e-05,0.44349297689224276,0.43590822677021646,Player-cluster bootstrap conditional on fitted folds; no model refit,AM,ESTIMABLE,0.009552126854304843,0.01778412266036178,-0.025353123561734463,0.04445737727034415,0.7884353163929904,"Fixed all-ten-candidate specification, not selected Model4; player-cluster robust t/F; BH across six omnibus tests and all estimable interaction coefficients separately"
Cmp_percent_Total,COEFFICIENT,Cmp_percent_Total x CM/DM vs FW,0.35513271343888114,,,1059,863,0.8520991861109044,0.8578862531948221,-0.005787067083917741,-0.010899413605668345,-0.0008883585240657283,0.6581462984187589,0.6625271816154115,-0.00438088319665253,-0.008791723764095927,9.112752603468154e-05,0.44349297689224276,0.43590822677021646,Player-cluster bootstrap conditional on fitted folds; no model refit,CM/DM,ESTIMABLE,0.010380712890605104,0.011220243927788935,-0.01164148249727523,0.03240290827848544,0.6921038651153716,"Fixed all-ten-candidate specification, not selected Model4; player-cluster robust t/F; BH across six omnibus tests and all estimable interaction coefficients separately"
Cmp_percent_Total,COEFFICIENT,Cmp_percent_Total x SB vs FW,0.08253201709764416,,,1059,863,0.8520991861109044,0.8578862531948221,-0.005787067083917741,-0.010899413605668345,-0.0008883585240657283,0.6581462984187589,0.6625271816154115,-0.00438088319665253,-0.008791723764095927,9.112752603468154e-05,0.44349297689224276,0.43590822677021646,Player-cluster bootstrap conditional on fitted folds; no model refit,SB,ESTIMABLE,0.027496258067710264,0.015818778059375965,-0.003551571503829249,0.05854408763924977,0.337431280711307,"Fixed all-ten-candidate specification, not selected Model4; player-cluster robust t/F; BH across six omnibus tests and all estimable interaction coefficients separately"
Cmp_percent_Total,COEFFICIENT,Cmp_percent_Total x CB vs FW,0.12224126166715889,,,1059,863,0.8520991861109044,0.8578862531948221,-0.005787067083917741,-0.010899413605668345,-0.0008883585240657283,0.6581462984187589,0.6625271816154115,-0.00438088319665253,-0.008791723764095927,9.112752603468154e-05,0.44349297689224276,0.43590822677021646,Player-cluster bootstrap conditional on fitted folds; no model refit,CB,ESTIMABLE,0.016970066605188558,0.010969984558766334,-0.004560939753493063,0.038501072963870175,0.38030614740893876,"Fixed all-ten-candidate specification, not selected Model4; player-cluster robust t/F; BH across six omnibus tests and all estimable interaction coefficients separately"
Cmp_percent_Total,COEFFICIENT,Cmp_percent_Total x GK vs FW,0.39548792292306945,,,1059,863,0.8520991861109044,0.8578862531948221,-0.005787067083917741,-0.010899413605668345,-0.0008883585240657283,0.6581462984187589,0.6625271816154115,-0.00438088319665253,-0.008791723764095927,9.112752603468154e-05,0.44349297689224276,0.43590822677021646,Player-cluster bootstrap conditional on fitted folds; no model refit,GK,ESTIMABLE,0.01103393202372889,0.012979085282685241,-0.014440376190137345,0.03650824023759512,0.6921038651153716,"Fixed all-ten-candidate specification, not selected Model4; player-cluster robust t/F; BH across six omnibus tests and all estimable interaction coefficients separately"
PrgC_per90,OMNIBUS,Joint estimable interactions,0.00914426890071894,3.0824694165098583,5.0,1059,863,0.8520991861109044,0.8511294393700263,0.0009697467408781302,-0.0033918730392264785,0.005190151045797764,0.6581462984187589,0.6582027543570517,-5.64559382927321e-05,-0.0046406741491544475,0.004303997211282486,0.44349297689224276,0.44475894167586194,Player-cluster bootstrap conditional on fitted folds; no model refit,,,,,,,0.05486561340431364,"Fixed all-ten-candidate specification, not selected Model4; player-cluster robust t/F; BH across six omnibus tests and all estimable interaction coefficients separately"
PrgC_per90,COEFFICIENT,PrgC_per90 x AM vs FW,0.8462139018081917,,,1059,863,0.8520991861109044,0.8511294393700263,0.0009697467408781302,-0.0033918730392264785,0.005190151045797764,0.6581462984187589,0.6582027543570517,-5.64559382927321e-05,-0.0046406741491544475,0.004303997211282486,0.44349297689224276,0.44475894167586194,Player-cluster bootstrap conditional on fitted folds; no model refit,AM,ESTIMABLE,0.01625382263952102,0.08377835003027705,-0.14817960728543464,0.18068725256447668,0.9185155583751867,"Fixed all-ten-candidate specification, not selected Model4; player-cluster robust t/F; BH across six omnibus tests and all estimable interaction coefficients separately"
PrgC_per90,COEFFICIENT,PrgC_per90 x CM/DM vs FW,0.9843445923426697,,,1059,863,0.8520991861109044,0.8511294393700263,0.0009697467408781302,-0.0033918730392264785,0.005190151045797764,0.6581462984187589,0.6582027543570517,-5.64559382927321e-05,-0.0046406741491544475,0.004303997211282486,0.44349297689224276,0.44475894167586194,Player-cluster bootstrap conditional on fitted folds; no model refit,CM/DM,ESTIMABLE,0.0013742040084108176,0.07001208612063978,-0.13603990659245072,0.13878831460927235,0.9843445923426697,"Fixed all-ten-candidate specification, not selected Model4; player-cluster robust t/F; BH across six omnibus tests and all estimable interaction coefficients separately"
PrgC_per90,COEFFICIENT,PrgC_per90 x SB vs FW,0.8529073042055305,,,1059,863,0.8520991861109044,0.8511294393700263,0.0009697467408781302,-0.0033918730392264785,0.005190151045797764,0.6581462984187589,0.6582027543570517,-5.64559382927321e-05,-0.0046406741491544475,0.004303997211282486,0.44349297689224276,0.44475894167586194,Player-cluster bootstrap conditional on fitted folds; no model refit,SB,ESTIMABLE,-0.016943317926258583,0.09135546590198836,-0.19624850351689682,0.16236186766437966,0.9185155583751867,"Fixed all-ten-candidate specification, not selected Model4; player-cluster robust t/F; BH across six omnibus tests and all estimable interaction coefficients separately"
PrgC_per90,COEFFICIENT,PrgC_per90 x CB vs FW,0.006400905788555035,,,1059,863,0.8520991861109044,0.8511294393700263,0.0009697467408781302,-0.0033918730392264785,0.005190151045797764,0.6581462984187589,0.6582027543570517,-5.64559382927321e-05,-0.0046406741491544475,0.004303997211282486,0.44349297689224276,0.44475894167586194,Player-cluster bootstrap conditional on fitted folds; no model refit,CB,ESTIMABLE,0.32332287702595,0.11829510801673614,0.09114272132336915,0.5555030327285309,0.08961268103977049,"Fixed all-ten-candidate specification, not selected Model4; player-cluster robust t/F; BH across six omnibus tests and all estimable interaction coefficients separately"
PrgC_per90,COEFFICIENT,PrgC_per90 x GK vs FW,0.004786918412883588,,,1059,863,0.8520991861109044,0.8511294393700263,0.0009697467408781302,-0.0033918730392264785,0.005190151045797764,0.6581462984187589,0.6582027543570517,-5.64559382927321e-05,-0.0046406741491544475,0.004303997211282486,0.44349297689224276,0.44475894167586194,Player-cluster bootstrap conditional on fitted folds; no model refit,GK,ESTIMABLE,-23.17597766697989,8.194080111373689,-39.25866128758237,-7.093294046377405,0.08961268103977049,"Fixed all-ten-candidate specification, not selected Model4; player-cluster robust t/F; BH across six omnibus tests and all estimable interaction coefficients separately"
Won_percent_Aerial,OMNIBUS,Joint estimable interactions,0.12498878506879091,1.7306395601584668,5.0,1059,863,0.8520991861109044,0.8499542101928769,0.0021449759180275363,-0.0036641283143421435,0.007492108627490135,0.6581462984187589,0.6562566876008337,0.001889610817925269,-0.003212448965796092,0.006910745333122148,0.44349297689224276,0.4462912232664066,Player-cluster bootstrap conditional on fitted folds; no model refit,,,,,,,0.2707396676321488,"Fixed all-ten-candidate specification, not selected Model4; player-cluster robust t/F; BH across six omnibus tests and all estimable interaction coefficients separately"
Won_percent_Aerial,COEFFICIENT,Won_percent_Aerial x AM vs FW,0.9369365431960001,,,1059,863,0.8520991861109044,0.8499542101928769,0.0021449759180275363,-0.0036641283143421435,0.007492108627490135,0.6581462984187589,0.6562566876008337,0.001889610817925269,-0.003212448965796092,0.006910745333122148,0.44349297689224276,0.4462912232664066,Player-cluster bootstrap conditional on fitted folds; no model refit,AM,ESTIMABLE,-0.0006684883304161893,0.008446493313739782,-0.017246588351656773,0.015909611690824395,0.9716378966477037,"Fixed all-ten-candidate specification, not selected Model4; player-cluster robust t/F; BH across six omnibus tests and all estimable interaction coefficients separately"
Won_percent_Aerial,COEFFICIENT,Won_percent_Aerial x CM/DM vs FW,0.5411148435655291,,,1059,863,0.8520991861109044,0.8499542101928769,0.0021449759180275363,-0.0036641283143421435,0.007492108627490135,0.6581462984187589,0.6562566876008337,0.001889610817925269,-0.003212448965796092,0.006910745333122148,0.44349297689224276,0.4462912232664066,Player-cluster bootstrap conditional on fitted folds; no model refit,CM/DM,ESTIMABLE,-0.004157456325729027,0.006800212607904405,-0.01750436854031124,0.009189455888853186,0.7575607809917407,"Fixed all-ten-candidate specification, not selected Model4; player-cluster robust t/F; BH across six omnibus tests and all estimable interaction coefficients separately"
Won_percent_Aerial,COEFFICIENT,Won_percent_Aerial x SB vs FW,0.200357575109337,,,1059,863,0.8520991861109044,0.8499542101928769,0.0021449759180275363,-0.0036641283143421435,0.007492108627490135,0.6581462984187589,0.6562566876008337,0.001889610817925269,-0.003212448965796092,0.006910745333122148,0.44349297689224276,0.4462912232664066,Player-cluster bootstrap conditional on fitted folds; no model refit,SB,ESTIMABLE,0.010327963455824946,0.0080591850276467,-0.00548995890737361,0.026145885819023502,0.5610012103061436,"Fixed all-ten-candidate specification, not selected Model4; player-cluster robust t/F; BH across six omnibus tests and all estimable interaction coefficients separately"
Won_percent_Aerial,COEFFICIENT,Won_percent_Aerial x CB vs FW,0.04007060854304428,,,1059,863,0.8520991861109044,0.8499542101928769,0.0021449759180275363,-0.0036641283143421435,0.007492108627490135,0.6581462984187589,0.6562566876008337,0.001889610817925269,-0.003212448965796092,0.006910745333122148,0.44349297689224276,0.4462912232664066,Player-cluster bootstrap conditional on fitted folds; no model refit,CB,ESTIMABLE,0.017109653244239173,0.008321289787897064,0.0007772926674442689,0.03344201382103408,0.22914419385066706,"Fixed all-ten-candidate specification, not selected Model4; player-cluster robust t/F; BH across six omnibus tests and all estimable interaction coefficients separately"
Won_percent_Aerial,COEFFICIENT,Won_percent_Aerial x GK vs FW,0.5237299415957615,,,1059,863,0.8520991861109044,0.8499542101928769,0.0021449759180275363,-0.0036641283143421435,0.007492108627490135,0.6581462984187589,0.6562566876008337,0.001889610817925269,-0.003212448965796092,0.006910745333122148,0.44349297689224276,0.4462912232664066,Player-cluster bootstrap conditional on fitted folds; no model refit,GK,ESTIMABLE,0.00572932540620863,0.00898201233290462,-0.011899848419654496,0.023358499232071755,0.7575607809917407,"Fixed all-ten-candidate specification, not selected Model4; player-cluster robust t/F; BH across six omnibus tests and all estimable interaction coefficients separately"
KP_per90,OMNIBUS,Joint estimable interactions,0.2368892957647989,1.3605886248595132,5.0,1059,863,0.8520991861109044,0.8527187760057081,-0.0006195898948037071,-0.004532862663028797,0.003750196362402777,0.6581462984187589,0.6603356793833054,-0.0021893809645464613,-0.0064441221501483,0.002109589652195672,0.44349297689224276,0.44268337281427417,Player-cluster bootstrap conditional on fitted folds; no model refit,,,,,,,0.35533394364719834,"Fixed all-ten-candidate specification, not selected Model4; player-cluster robust t/F; BH across six omnibus tests and all estimable interaction coefficients separately"
KP_per90,COEFFICIENT,KP_per90 x AM vs FW,0.10915246279117197,,,1059,863,0.8520991861109044,0.8527187760057081,-0.0006195898948037071,-0.004532862663028797,0.003750196362402777,0.6581462984187589,0.6603356793833054,-0.0021893809645464613,-0.0064441221501483,0.002109589652195672,0.44349297689224276,0.44268337281427417,Player-cluster bootstrap conditional on fitted folds; no model refit,AM,ESTIMABLE,0.2741830246016894,0.17097190203202828,-0.061386919921684935,0.6097529691250638,0.38030614740893876,"Fixed all-ten-candidate specification, not selected Model4; player-cluster robust t/F; BH across six omnibus tests and all estimable interaction coefficients separately"
KP_per90,COEFFICIENT,KP_per90 x CM/DM vs FW,0.3586446481771275,,,1059,863,0.8520991861109044,0.8527187760057081,-0.0006195898948037071,-0.004532862663028797,0.003750196362402777,0.6581462984187589,0.6603356793833054,-0.0021893809645464613,-0.0064441221501483,0.002109589652195672,0.44349297689224276,0.44268337281427417,Player-cluster bootstrap conditional on fitted folds; no model refit,CM/DM,ESTIMABLE,0.12836554898958497,0.13976452398059316,-0.14595305541897757,0.4026841533981475,0.6921038651153716,"Fixed all-ten-candidate specification, not selected Model4; player-cluster robust t/F; BH across six omnibus tests and all estimable interaction coefficients separately"
KP_per90,COEFFICIENT,KP_per90 x SB vs FW,0.7357890886105801,,,1059,863,0.8520991861109044,0.8527187760057081,-0.0006195898948037071,-0.004532862663028797,0.003750196362402777,0.6581462984187589,0.6603356793833054,-0.0021893809645464613,-0.0064441221501483,0.002109589652195672,0.44349297689224276,0.44268337281427417,Player-cluster bootstrap conditional on fitted folds; no model refit,SB,ESTIMABLE,0.07988639137536646,0.23666962183911383,-0.3846297713800889,0.5444025541308218,0.8584206033790102,"Fixed all-ten-candidate specification, not selected Model4; player-cluster robust t/F; BH across six omnibus tests and all estimable interaction coefficients separately"
KP_per90,COEFFICIENT,KP_per90 x CB vs FW,0.040918606044761975,,,1059,863,0.8520991861109044,0.8527187760057081,-0.0006195898948037071,-0.004532862663028797,0.003750196362402777,0.6581462984187589,0.6603356793833054,-0.0021893809645464613,-0.0064441221501483,0.002109589652195672,0.44349297689224276,0.44268337281427417,Player-cluster bootstrap conditional on fitted folds; no model refit,CB,ESTIMABLE,0.7452609730604607,0.36399840322551635,0.030834084634656644,1.4596878614862647,0.22914419385066706,"Fixed all-ten-candidate specification, not selected Model4; player-cluster robust t/F; BH across six omnibus tests and all estimable interaction coefficients separately"
KP_per90,COEFFICIENT,KP_per90 x GK vs FW,0.3912509789982378,,,1059,863,0.8520991861109044,0.8527187760057081,-0.0006195898948037071,-0.004532862663028797,0.003750196362402777,0.6581462984187589,0.6603356793833054,-0.0021893809645464613,-0.0064441221501483,0.002109589652195672,0.44349297689224276,0.44268337281427417,Player-cluster bootstrap conditional on fitted folds; no model refit,GK,ESTIMABLE,-2.30924573548098,2.692110892714115,-7.593105201170345,2.974613730208385,0.6921038651153716,"Fixed all-ten-candidate specification, not selected Model4; player-cluster robust t/F; BH across six omnibus tests and all estimable interaction coefficients separately"
