dataset,position,validation,folds,n,unique_players,rmse_without,rmse_with,delta_rmse,rmse_ci_low,rmse_ci_high,mae_without,mae_with,delta_mae,mae_ci_low,mae_ci_high,r2_without,r2_with,ci_scope,classification
MIN270,FW,group,5,310,246,0.8379515339548058,0.8256128570003234,0.01233867695448243,-0.005580621751863637,0.029982289605622072,0.6338019514821035,0.6229329445693833,0.010869006912720192,-0.004012993246686414,0.02699299222483927,0.4631715685427842,0.4788645664806287,Player-cluster bootstrap conditional on fitted folds; no model refit,WEAK_OR_MIXED_SIGNAL
MIN270,AM,group,5,72,55,0.8649221134770217,0.852920861195114,0.012001252281907737,-0.014030790799995054,0.03795275920173542,0.6496550791994262,0.6454198956369045,0.004235183562521727,-0.021241975336865646,0.03230238570885928,0.43994539802495203,0.45537967881239394,Player-cluster bootstrap conditional on fitted folds; no model refit,WEAK_OR_MIXED_SIGNAL
MIN270,CM/DM,group,5,268,223,0.8222319515392525,0.8155376986353919,0.006694252903860609,-0.0034184989484995097,0.0160969578078758,0.6392975526790666,0.6365395303031521,0.002758022375914493,-0.006549257564370576,0.01277646662296257,0.39472836535335243,0.4045439587029267,Player-cluster bootstrap conditional on fitted folds; no model refit,WEAK_OR_MIXED_SIGNAL
MIN270,SB,group,5,147,117,0.9159165666358321,0.9119264929210203,0.003990073714811748,-0.0077279037113989,0.01806942540992146,0.6898886055126044,0.6876696500925288,0.0022189554200756634,-0.00768141774440321,0.01311349745280366,0.31206018152888426,0.31804096999107967,Player-cluster bootstrap conditional on fitted folds; no model refit,WEAK_OR_MIXED_SIGNAL
MIN270,CB,group,5,191,161,0.8730319357986551,0.8736574431458644,-0.000625507347209231,-0.007262314127473748,0.005821753002181364,0.7025029669543238,0.7053830295124184,-0.002880062558094587,-0.009441074481767795,0.003671710920524323,0.46051871254128285,0.45974538367996653,Player-cluster bootstrap conditional on fitted folds; no model refit,NO_DETECTABLE_INCREMENTAL_SIGNAL
MIN270,FW,temporal,4,208,182,0.8610592724347438,0.8553447353888544,0.005714537045889423,-0.011677382274493942,0.022417681217743995,0.6551900032605568,0.6445668384611043,0.010623164799452467,-0.005853226055442069,0.026283922718443303,0.4798822940016685,0.4867630493299848,Player-cluster bootstrap conditional on fitted folds; no model refit,WEAK_OR_MIXED_SIGNAL
MIN270,AM,temporal,4,50,42,0.9059614883580869,0.8874063251622365,0.018555163195850377,-0.009630803768210683,0.047264810582433134,0.7132742071602055,0.6969169668826427,0.0163572402775628,-0.013654704672313825,0.04582103219736329,0.38811478538094035,0.41292237879579297,Player-cluster bootstrap conditional on fitted folds; no model refit,WEAK_OR_MIXED_SIGNAL
MIN270,CM/DM,temporal,4,186,167,0.8387744126326477,0.8336708593657106,0.005103553266937122,-0.004328066496275309,0.014597408753003792,0.654898398982462,0.6509562278863347,0.003942171096127378,-0.0072048558247310565,0.015130119408168968,0.39599020202404267,0.40331807957357046,Player-cluster bootstrap conditional on fitted folds; no model refit,WEAK_OR_MIXED_SIGNAL
MIN270,SB,temporal,4,95,83,0.9879444259181509,0.9793368187797531,0.00860760713839781,-0.0022619999469400353,0.02370794560601359,0.7767820400545378,0.7721203622168302,0.004661677837707545,-0.006937510257726273,0.0172541610806864,0.29085127251762466,0.303154560398988,Player-cluster bootstrap conditional on fitted folds; no model refit,WEAK_OR_MIXED_SIGNAL
MIN270,CB,temporal,4,133,123,0.9298094440802752,0.9291277216320044,0.0006817224482708051,-0.005883076729059194,0.007346850628912479,0.7362307559931949,0.7400133024562211,-0.003782546463026226,-0.01112213267099564,0.0032391565844580197,0.44436165308203046,0.4451761259282966,Player-cluster bootstrap conditional on fitted folds; no model refit,NO_DETECTABLE_INCREMENTAL_SIGNAL
