public_file,original_source_file,original_sha256,public_sha256,modification_type,scientific_logic_changed
code/build_phase2.py,02_data/tools/build_phase2.py,e4d65c3b6043e047ebb7272cee49fc2a2f4870033c5c16cef48f1c328280fb2d,0d1c5c53d6609d79313058b8e0e05d7f0c247cab93a9d5907a50dd8256621678,PATHS_AND_PUBLIC_IO_ONLY,FALSE
code/finalize_phase2.py,02_data/tools/finalize_phase2.py,6d2a1d4ccfe0666facade5543c24cc9c67fdbd6d96c087e85ae16c3822a123a5,5ba02fff07c3cd22c8e40090bd59e03e35827f7177e1cd54e8e94ac6ea112434,PATHS_AND_PUBLIC_IO_ONLY,FALSE
code/export_lineage.R,02_data/tools/export_lineage.R,4f12354b1c997d1fac297a5eaa713a05619706b3a020d695e31c9954612bb4ef,c7cc35a4de58f063a2da9680f4581568b610881dfee0852d7b7df1fb4eb84dca,PATHS_AND_PUBLIC_IO_ONLY,FALSE
code/corrected_modeling.py,03_models/tools/corrected_modeling.py,4424995cc340076e97eef981a74a894328aee4de9e8600afa78088585907a8be,f98faf5d47aad079d2bf53d6f690c21f47595bb37721182288e40714904077fc,PATHS_AND_PUBLIC_IO_ONLY,FALSE
code/per90_stability.py,03_models/tools/per90_stability.py,e54ff7c59d3d2acfca5b0a1ac79cd502db14428b310ff707d32e616310630c41,9c1f991ed898a81b106cfb326dbe626008165a99de3f384bdffebb8e2253ea63,PATHS_AND_PUBLIC_IO_ONLY,FALSE
code/analyze_positions.py,05_position_analysis/tools/analyze_positions.py,7ecd0f11e2b9bbfeb20f57c83413152e4ad274d437538f59284b2afc0a9c687d,776f3ff2404ffc6c8e4440b0f6734e9306b0a1956c115333f3408e835cc8b462,PATHS_AND_PUBLIC_IO_ONLY,FALSE
code/analyze_residuals.py,05_position_analysis/tools/analyze_residuals.py,c676651da8840f5ac363c3698dd3acdb2532f9d807596f50895feaa61657b5f0,56426fd93899abd7ec8ff3e4d4df14c8e6e22005a3fb7ecf06dc4666ae2288f4,PATHS_AND_PUBLIC_IO_ONLY,FALSE
code/report_positions.py,05_position_analysis/tools/report_positions.py,abf53861d816b26503ab696c672efc34aa12ca0ef1ae8df36a6dfdde6788c614,118c362d2733367af0e6797e18c1eb5234ac12b57cbb02bd7cd2f760c5095d3e,PATHS_AND_PUBLIC_IO_ONLY,FALSE
code/original_cleaning_from_cache.R,01_audit/reproduction/scripts/original_cleaning_from_cache.R,161918816a417d4ef860e929f8829f458a4d879262167d74ba70ed915662e932,ffec27887cfa7f9bf1260727972a6730a66f5455f44595151cf7c4d57d5b2e79,PATHS_AND_PUBLIC_IO_ONLY,FALSE
code/original_models.py,01_audit/reproduction/scripts/original_models.py,1935ab9b180dbcd7f975e5c496508a8920ba93c58da7157408dd6c53e9e71147,554cd95ef1a0f9e350c420f257753f29b192b0680c859a79559406432a2d05e7,PATHS_AND_PUBLIC_IO_ONLY,FALSE
code/original_fbref_fetch.R,01_audit/reproduction/scripts/original_fbref_fetch.R,1eb722ce95995abd784190ab24fcc4902c9ecb9a22c6e5816c7e3b112a03a85e,9e14239aa2d253dddc5472e571318037719706977e20a45f440e3f432769a465,PATHS_AND_PUBLIC_IO_ONLY,FALSE
code/prepare_public_workspace.py,NEW_PUBLIC_IO_CONFIGURATION,NOT_APPLICABLE_NEW_IO_ONLY,c78a09017823429464c797d65c3d53b7e6dbbd8895ce936a54caed1349a0a7e9,PATHS_AND_PUBLIC_IO_ONLY,FALSE
